star_name,star_name,Right ascension,Declination,star_distance,star_distance_error_min,star_distance_error_max,source (xml)
11 Com,11com,,,110.6,10.5,10.5,
11 Oph,11oph,,,145.0,20.0,20.0,
11 UMi,11umi,,,119.5,6.9,6.9,
14 And,14and,,,76.4,4.1,4.1,
14 Her,14her,,,18.1,,,
16 Cyg B,16cygb,,,21.41,0.24,0.24,
18 Del,18del,,,73.1,3.5,3.5,
 1RXS J1609b,1rxsj1609b,,,,10.99,9.82,
1SWASP J1407,1swaspj1407,,,133.0,12.0,12.0,
24 Sex,24sex,,,74.8,4.9,4.9,
2M 0103-55 (AB),2m0103-55(ab),,,47.2,3.1,3.1,
2M 0122-24,2m0122-24,,,36.0,4.0,4.0,
2M 0219-39,2m0219-39,,,39.4,2.6,2.6,
2M 0441+23,2m0441+23,,,140.0,,,
2M 0746+20,2m0746+20,,,12.21,0.05,0.05,
2M 1207-39,2m1207-39,,,52.4,1.1,1.1,
2M  1938+46,2m1938+46,,,,,,
2M 2140+16,2m2140+16,,,25.0,10.0,10.0,
2M 2206-20,2m2206-20,,,26.67,2.63,2.63,
" CO""","co""",,,,63.0,,
TYC 9486-927-1,tyc9486-927-1,,,24.75,4.25,4.25,
30 Ari B,30arib,,,39.4,1.7,1.7,
38 Vir,38vir,,,,,,
4 Uma,4uma,,,78.5,1.6,1.6,
42 Dra,42dra,,,97.3,5.0,5.0,
47 Uma,47uma,,,13.97,1.91,1.91,
" H2O""","h2o""",,,,29.4,0.3,
55 Cnc,55cnc,,,12.34,0.4,0.4,
6 Lyn,6lyn,,,56.9,2.5,2.5,
61 Vir,61vir,,,8.52,0.05,0.05,
7 CMa,7cma,,,19.75,0.09,0.09,
70 Vir,70vir,,,22.0,,,
75 Cet,75cet,,,81.5,7.51,7.51,
8 Umi,8umi,,,159.1,11.0,11.0,
81 Cet,81cet,,,97.2,9.2,9.2,
91 Aqr,91aqr,,,45.9,0.6,0.6,
AB Pic,abpic,,,47.3,1.8,1.8,
Aldebaran,aldebaran,,,20.43,0.32,0.32,
BD+14 4559,bd+144559,,,50.0,4.0,4.0,
BD+15 2375,bd+152375,,,774.0,165.0,165.0,
BD+15 2940,bd+152940,,,585.0,455.0,455.0,
BD+20 2457,bd+202457,,,200.0,100.0,100.0,
BD+20 274,bd+20274,,,,,,
BD+20 594,bd+20594,,,152.1,7.4,9.7,
BD+24 4697,bd+244697,,,48.8,,,
BD+26 1888,bd+261888,,,38.0,,,
BD +48 738,bd+48738,,,,,,
BD+49 828,bd+49828,,,,,,
BD-06 1339,bd-061339,,,20.0,1.0,1.0,
BD-08 2823,bd-082823,,,42.2,2.9,2.9,
BD-10 3166,bd-103166,,,66.0,,,
BD-11 4672,bd-114672,,,27.3,1.3,1.3,
BD-17 63,bd-1763,,,34.6,1.5,1.5,
CD-35 2722,cd-352722,,,21.3,1.4,1.4,
CFBDS 1458,cfbds1458,,,23.1,2.4,2.4,
CHXR 73,chxr73,,,,,,
CL Tau,cltau,,,,,,
CT Cha,ctcha,,,165.0,30.0,30.0,
CVSO 30,cvso30,,,330.0,0.0,0.0,
CoRoT-1,corot-1,,,460.0,100.0,100.0,
CoRoT-10,corot-10,,,345.0,50.0,50.0,
CoRoT-11,corot-11,,,560.0,30.0,30.0,
CoRoT-12,corot-12,,,1150.0,85.0,85.0,
CoRoT-13,corot-13,,,1310.0,100.0,100.0,
CoRoT-14,corot-14,,,1340.0,110.0,110.0,
CoRoT-15,corot-15,,,,,,
CoRoT-16,corot-16,,,840.0,90.0,90.0,
CoRoT-17,corot-17,,,920.0,50.0,50.0,
CoRoT-18,corot-18,,,870.0,90.0,90.0,
CoRoT-19,corot-19,,,800.0,200.0,200.0,
CoRoT-2,corot-2,,,300.0,100.0,100.0,
CoRoT-20,corot-20,,,1230.0,120.0,120.0,
CoRoT-21,corot-21,,,,,,
CoRoT-22,corot-22,,,592.0,42.0,25.0,
CoRoT-23,corot-23,,,600.0,50.0,50.0,
CoRoT-24,corot-24,,,600.0,70.0,70.0,
CoRoT-25,corot-25,,,1000.0,85.0,25.0,
CoRoT-26,corot-26,,,1670.0,205.0,110.0,
CoRoT-27,corot-27,,,,,,
CoRoT-28,corot-28,,,560.0,70.0,70.0,
CoRoT-29,corot-29,,,765.0,50.0,50.0,
CoRoT-3,corot-3,,,680.0,160.0,160.0,
CoRoT-33,corot-33,,,,,,
CoRoT-4,corot-4,,,,,,
CoRoT-5,corot-5,,,400.0,0.0,0.0,
CoRoT-6,corot-6,,,,,,
CoRoT-7,corot-7,,,150.0,20.0,20.0,
CoRoT-8,corot-8,,,380.0,100.0,100.0,
CoRoT-9,corot-9,,,460.0,,,
DE0823-49,de0823-49,,,20.69,0.06,0.06,
DH Tau,dhtau,,,,,,
DP Leo,dpleo,,,,,,
DW Lyn,dwlyn,,,,,,
EPIC 201295312,epic201295312,,,,,,
K2-8,k2-8,,,,,,
EPIC 201637175 ,epic201637175,,,225.0,50.0,50.0,
EPIC 201713348,epic201713348,,,,,,
EPIC 203826436,epic203826436,,,,,,
EPIC 204221263,epic204221263,,,,,,
EPIC 205071984,epic205071984,,,,,,
EPIC 211822797,epic211822797,,,,,,
EPIC 211913977,epic211913977,,,,,,
EPIC 211916756,epic211916756,,,,,,
EPIC 211969807,epic211969807,,,,,,
EPIC 211970147,epic211970147,,,,,,
EPIC 211990866,epic211990866,,,,,,
EPIC 219388192,epic219388192,,,300.0,24.0,24.0,
EPIC 220504338,epic220504338,,,553.4,43.0,59.0,
EPIC 220674823,epic220674823,,,,,,
EPIC-206011691,epic-206011691,,,65.0,6.0,6.0,
EPIC-210490365,epic-210490365,,,45.7,3.3,3.3,
FU Tau,futau,,,140.0,,,
FW Tau,fwtau,,,145.0,15.0,15.0,
Fomalhaut,fomalhaut,,,7.704,0.028,0.028,
 H2,h2,,,,,,
GJ 1214,gj1214,,,13.0,,,
GJ 15 A,gj15a,,,3.587,0.01,0.01,
GJ 160.2,gj160.2,,,,,,
GJ 163,gj163,,,15.0,0.4,0.4,
GJ 176,gj176,,,9.42,0.22,0.22,
GJ 179,gj179,,,12.3,0.6,0.6,
GJ 180,gj180,,,,,,
GJ 229,gj229,,,,,,
GJ 27.1,gj27.1,,,,,,
 HIP 1292 b,hip1292b,,,,,,
GJ 317,gj317,,,15.1,0.22,0.22,
GJ 328,gj328,,,19.8,0.8,0.8,
GJ 3293,gj3293,,,17.9,3.0,3.0,
GJ 3341,gj3341,,,23.1,0.7,0.7,
GJ 3470,gj3470,,,29.28,1.7,2.1,
GJ 3634,gj3634,,,19.8,0.6,0.6,
GJ 3998,gj3998,,,17.8,0.7,0.7,
GJ 422,gj422,,,,,,
GJ 433,gj433,,,9.04,0.15,0.15,
 H,h,,,,,,
GJ 504,gj504,,,17.56,0.08,0.08,
GJ 536,gj536,,,10.03,,,
GJ 581,gj581,,,6.21,0.1,0.1,
GJ 649,gj649,,,10.34,0.15,0.15,
GJ 667 C,gj667c,,,6.84,0.4,0.4,
GJ 674,gj674,,,4.54,0.03,0.03,
GJ 676 A,gj676a,,,16.45,0.44,0.44,
GJ 682,gj682,,,,,,
GJ 687,gj687,,,4.5,0.115,0.115,
GJ 758,gj758,,,15.5,,,
GJ 785,gj785,,,8.911,0.024,0.024,
GJ 832,gj832,,,4.94,0.025,0.025,
GJ 849,gj849,,,9.1,0.2,0.2,
GJ 86,gj86,,,10.9,,,
GJ 876,gj876,,,4.7,0.01,0.01,
GQ Lup,gqlup,,,140.0,50.0,50.0,
GSC 6214-210,gsc6214-210,,,145.0,14.0,14.0,
GU Psc,gupsc,,,48.0,5.0,5.0,
HAT-47,hat-47,,,268.0,7.0,7.0,
HAT-48,hat-48,,,305.0,12.0,12.0,
 O I,oi,,,,,,
HAT-P-11,hat-p-11,,,38.0,1.3,1.3,
HAT-P-12,hat-p-12,,,142.5,3.3,3.3,
HAT-P-13,hat-p-13,,,214.0,12.0,12.0,
HAT-P-14,hat-p-14,,,205.0,11.0,11.0,
HAT-P-15,hat-p-15,,,190.0,8.0,8.0,
HAT-P-16,hat-p-16,,,235.0,10.0,10.0,
HAT-P-17,hat-p-17,,,90.0,3.0,3.0,
HAT-P-18,hat-p-18,,,166.0,9.0,9.0,
HAT-P-19,hat-p-19,,,215.0,15.0,15.0,
HAT-P-2,hat-p-2,,,118.0,8.0,8.0,
HAT-P-20,hat-p-20,,,70.0,3.0,3.0,
HAT-P-21,hat-p-21,,,254.0,19.0,19.0,
HAT-P-22,hat-p-22,,,82.0,3.0,3.0,
HAT-P-23,hat-p-23,,,393.0,25.0,25.0,
HAT-P-24,hat-p-24,,,306.0,20.0,20.0,
HAT-P-25,hat-p-25,,,297.0,13.0,13.0,
HAT-P-26,hat-p-26,,,134.0,8.0,8.0,
HAT-P-27-WASP-40,hat-p-27-wasp-40,,,204.0,14.0,14.0,
HAT-P-28,hat-p-28,,,395.0,26.0,26.0,
HAT-P-29,hat-p-29,,,322.0,21.0,21.0,
HAT-P-3,hat-p-3,,,130.0,10.0,10.0,
HAT-P-30-WASP-51,hat-p-30-wasp-51,,,193.0,8.0,8.0,
HAT-P-31,hat-p-31,,,354.0,51.0,51.0,
HAT-P-32,hat-p-32,,,320.0,16.0,16.0,
HAT-P-33,hat-p-33,,,419.0,66.0,66.0,
HAT-P-34,hat-p-34,,,257.0,17.0,17.0,
HAT-P-35,hat-p-35,,,535.0,32.0,32.0,
HAT-P-36,hat-p-36,,,317.0,17.0,17.0,
HAT-P-37,hat-p-37,,,411.0,26.0,26.0,
HAT-P-38,hat-p-38,,,249.0,19.0,19.0,
HAT-P-39,hat-p-39,,,642.0,29.0,29.0,
HAT-P-4,hat-p-4,,,310.0,30.0,30.0,
HAT-P-40,hat-p-40,,,501.0,16.0,16.0,
HAT-P-41,hat-p-41,,,344.0,8.0,12.0,
HAT-P-42,hat-p-42,,,447.0,40.0,40.0,
HAT-P-43,hat-p-43,,,543.0,18.0,18.0,
HAT-P-44,hat-p-44,,,374.0,23.0,42.0,
HAT-P-45,hat-p-45,,,305.0,17.0,35.0,
HAT-P-46,hat-p-46,,,296.0,29.0,61.0,
HAT-P-49,hat-p-49,,,322.0,24.0,13.0,
HAT-P-5,hat-p-5,,,340.0,30.0,30.0,
HAT-P-50,hat-p-50,,,597.0,21.0,21.0,
HAT-P-51,hat-p-51,,,470.0,16.0,16.0,
HAT-P-52,hat-p-52,,,385.0,21.0,21.0,
HAT-P-53,hat-p-53,,,719.0,43.0,43.0,
HAT-P-54,hat-p-54,,,135.8,3.5,3.5,
HAT-P-55,hat-p-55,,,480.0,19.0,19.0,
HAT-P-56,hat-p-56,,,310.5,7.1,7.1,
HAT-P-57,hat-p-57,,,303.0,13.0,13.0,
HAT-P-6,hat-p-6,,,200.0,20.0,20.0,
HAT-P-65,hat-p-65,,,841.0,45.0,45.0,
HAT-P-66,hat-p-66,,,927.0,49.0,75.0,
HAT-P-7,hat-p-7,,,320.0,40.0,40.0,
HAT-P-8,hat-p-8,,,230.0,15.0,15.0,
HAT-P-9,hat-p-9,,,480.0,60.0,60.0,
HATS-1,hats-1,,,303.0,23.0,23.0,
HATS-10,hats-10,,,496.0,24.0,24.0,
HATS-11,hats-11,,,906.0,41.0,41.0,
HATS-12,hats-12,,,981.0,94.0,94.0,
HATS-13,hats-13,,,476.0,12.0,12.0,
HATS-14,hats-14,,,513.0,14.0,14.0,
HATS-15,hats-15,,,689.0,23.0,23.0,
HATS-16,hats-16,,,774.0,74.0,74.0,
HATS-17,hats-17,,,339.0,16.0,22.0,
HATS-18,hats-18,,,645.0,25.0,36.0,
HATS-19,hats-19,,,780.0,110.0,110.0,
HATS-2,hats-2,,,360.0,11.0,11.0,
HATS-20,hats-20,,,454.0,22.0,30.0,
HATS-21,hats-21,,,286.0,12.0,24.0,
HATS-22,hats-22,,,207.9,6.6,8.9,
HATS-23,hats-23,,,747.0,46.0,46.0,
HATS-24,hats-24,,,510.0,15.0,15.0,
HATS-25,hats-25,,,466.0,30.0,30.0,
HATS-26,hats-26,,,907.0,49.0,69.0,
HATS-27,hats-27,,,840.0,51.0,80.0,
HATS-28,hats-28,,,521.0,25.0,25.0,
HATS-29,hats-29,,,351.0,15.0,15.0,
HATS-3,hats-3,,,453.0,11.0,11.0,
HATS-30,hats-30,,,339.0,16.0,16.0,
HATS-31,hats-31,,,872.0,84.0,84.0,
HATS-32,hats-32,,,839.0,55.0,77.0,
HATS-33,hats-33,,,355.0,12.0,12.0,
HATS-34,hats-34,,,532.0,32.0,32.0,
HATS-35,hats-35,,,557.0,17.0,22.0,
HATS-4,hats-4,,,420.0,12.0,12.0,
HATS-5,hats-5,,,257.0,8.0,8.0,
HATS-6,hats-6,,,148.4,3.3,3.3,
HATS-7,hats-7,,,257.0,12.0,15.0,
HATS-8,hats-8,,,829.0,48.0,110.0,
HATS-9,hats-9,,,622.0,42.0,30.0,
HD 100655,hd100655,,,122.0,8.0,8.0,
HD 100777,hd100777,,,52.8,3.4,3.4,
HD 10180,hd10180,,,39.4,1.0,1.0,
HD 101930,hd101930,,,30.49,,,
HD 102117,hd102117,,,42.0,,,
HD 102195,hd102195,,,28.98,1.0,1.0,
HD 102272,hd102272,,,360.0,90.0,90.0,
HD 102329,hd102329,,,158.0,21.0,21.0,
HD 102365,hd102365,,,9.24,0.06,0.06,
HD 102956,hd102956,,,126.0,13.0,13.0,
HD 103197,hd103197,,,49.3,3.6,3.6,
HD 103720,hd103720,,,41.6,2.1,2.1,
HD 103774,hd103774,,,55.0,2.0,2.0,
HD 104067,hd104067,,,20.8,0.04,0.04,
HD 10442,hd10442,,,,,,
HD 104985,hd104985,,,102.0,,,
HD 106252,hd106252,,,37.44,,,
HD 106270,hd106270,,,84.9,5.7,5.7,
HD 10647,hd10647,,,17.3,,,
HD 106515 A,hd106515a,,,35.2,1.0,1.0,
HD 106906,hd106906,,,92.0,6.0,6.0,
HD 10697,hd10697,,,32.56,0.88,0.88,
HD 107148,hd107148,,,51.3,2.6,2.6,
HD 108147,hd108147,,,38.57,,,
HD 108341,hd108341,,,49.4,2.3,2.3,
HD 108863,hd108863,,,139.0,15.0,15.0,
HD 108874,hd108874,,,68.5,,,
HD 109246,hd109246,,,65.6,3.0,3.0,
HD 109271,hd109271,,,62.0,3.0,3.0,
HD 109749,hd109749,,,59.0,,,
HD 110014,hd110014,,,90.0,2.3,2.3,
HD 111232,hd111232,,,29.0,,,
HD 113337,hd113337,,,36.9,0.4,0.4,
HD 113538,hd113538,,,15.8,0.4,0.4,
HD 114386,hd114386,,,28.0,,,
HD 114613,hd114613,,,20.67,0.13,0.13,
HD 114729,hd114729,,,35.0,,,
HD 114762,hd114762,,,39.46,2.86,2.86,
HD 114783,hd114783,,,20.4,,,
HD 11506,hd11506,,,53.82,,,
HD 1160,hd1160,,,103.5,4.0,4.0,
HD 116029,hd116029,,,123.2,9.9,9.9,
HD 117207,hd117207,,,33.0,,,
HD 11755,hd11755,,,231.5,,,
HD 117618,hd117618,,,38.0,,,
HD 118203,hd118203,,,88.6,,,
HD 119445,hd119445,,,,,,
HD 11964,hd11964,,,33.98,,,
HD 11977,hd11977,,,66.5,2.1,2.1,
HD 120084,hd120084,,,97.7,4.7,4.7,
HD 121504,hd121504,,,44.37,,,
HD 122562,hd122562,,,53.8,,,
HD 12484,hd12484,,,51.1,2.5,2.5,
HD 125595,hd125595,,,27.4,0.9,0.9,
HD 125612,hd125612,,,52.82,,,
HD 12648,hd12648,,,158.4,9.0,9.0,
HD 126525,hd126525,,,38.1,1.0,1.0,
HD 12661,hd12661,,,37.16,,,
HD 126614,hd126614,,,72.4,5.3,5.3,
HD 128311,hd128311,,,16.6,,,
HD 128356,hd128356,,,26.03,0.52,0.52,
HD 129445,hd129445,,,67.61,5.1,5.1,
HD 130322,hd130322,,,30.0,,,
HD 131496,hd131496,,,110.0,9.4,9.4,
HD 13189,hd13189,,,185.0,,,
HD 132406,hd132406,,,71.0,3.5,3.5,
HD 132563B,hd132563b,,,96.0,13.0,13.0,
HD 133131 A,hd133131a,,,47.0,,,
HD 133131 B,hd133131b,,,47.0,,,
HD 134060,hd134060,,,24.2,0.25,0.25,
HD 134113,hd134113,,,71.9,,,
HD 134606,hd134606,,,26.5,0.4,0.4,
HD 134987,hd134987,,,22.2,1.1,1.1,
HD 136352,hd136352,,,14.8,0.08,0.08,
HD 136418,hd136418,,,98.2,5.6,5.6,
HD 137388,hd137388,,,38.0,3.0,3.0,
HD 13808,hd13808,,,28.6,0.3,0.3,
HD 13908,hd13908,,,71.2,3.5,3.5,
HD 13931,hd13931,,,44.2,1.4,1.4,
HD 139357,hd139357,,,121.4,8.2,8.2,
HD 14067,hd14067,,,163.4,12.3,12.3,
HD 141399,hd141399,,,36.17,0.5,0.5,
HD 141937,hd141937,,,33.46,,,
HD 142,hd142,,,20.6,,,
HD 142022 A,hd142022a,,,35.87,,,
HD 142245,hd142245,,,109.5,7.4,7.4,
HD 142415,hd142415,,,34.2,,,
HD 143105,hd143105,,,48.7,0.8,0.8,
HD 143361,hd143361,,,59.35,,,
HD 143761,hd143761,,,17.236,0.024,0.024,
HD 145377,hd145377,,,57.7,3.0,3.0,
HD 145457,hd145457,,,126.0,10.0,10.0,
HD 145934,hd145934,,,,,,
HD 1461,hd1461,,,23.4,0.5,0.5,
HD 147018,hd147018,,,42.96,1.6,1.6,
HD 147513,hd147513,,,12.9,,,
HD 147873,hd147873,,,104.93,10.9,10.9,
HD 148156,hd148156,,,53.05,2.9,2.9,
HD 148427,hd148427,,,59.3,,,
HD 149026,hd149026,,,78.9,6.6,6.6,
HD 149143,hd149143,,,63.0,,,
HD 1502,hd1502,,,159.0,19.0,19.0,
HD 150433,hd150433,,,29.6,0.5,0.5,
HD 150706,hd150706,,,27.2,,,
HD 152079,hd152079,,,85.17,10.3,10.3,
HD 152581,hd152581,,,186.0,33.0,33.0,
HD 153950,hd153950,,,49.6,1.8,1.8,
HD 154088,hd154088,,,17.8,0.2,0.2,
HD 154345,hd154345,,,18.06,0.18,0.18,
HD 154672,hd154672,,,65.8,,,
HD 154857,hd154857,,,64.2,3.1,3.1,
HD 155233,hd155233,,,75.1,3.3,3.3,
HD 155358,hd155358,,,43.0,,,
HD 156279,hd156279,,,36.6,1.0,1.0,
HD 156411,hd156411,,,55.1,2.5,2.5,
HD 156668,hd156668,,,24.5,0.5,0.5,
HD 157172,hd157172,,,31.9,0.9,0.9,
HD 158038,hd158038,,,103.6,7.9,7.9,
HD 159243,hd159243,,,69.2,5.5,5.5,
HD 159868,hd159868,,,52.7,,,
HD 1605,hd1605,,,84.6,,,
HD 160508,hd160508,,,92.3,,,
HD 16141,hd16141,,,35.9,,,
HD 16175,hd16175,,,59.8,,,
HD 162004,hd162004,,,22.16,,,
HD 162020,hd162020,,,31.26,,,
HD 163607,hd163607,,,69.0,3.0,3.0,
HD 16417,hd16417,,,25.5,0.5,0.5,
HD 164509,hd164509,,,52.0,3.0,3.0,
HD 164595,hd164595,,,28.93,0.4,0.4,
HD 164604,hd164604,,,38.0,2.7,2.7,
HD 164922,hd164922,,,22.13,0.27,0.27,
HD 165155,hd165155,,,64.98,7.26,7.26,
HD 1666,hd1666,,,110.6,,,
HD 166724,hd166724,,,42.3,0.9,0.9,
HD 167042,hd167042,,,50.0,,,
HD 168443,hd168443,,,37.38,1.26,1.26,
HD 168746,hd168746,,,43.12,1.8,1.8,
HD 1690,hd1690,,,319.0,100.0,100.0,
HD 169830,hd169830,,,36.32,,,
HD 170469,hd170469,,,64.97,,,
HD 17092,hd17092,,,109.0,55.0,55.0,
HD 171028,hd171028,,,90.0,7.8,7.8,
HD 171238,hd171238,,,50.28,2.91,2.91,
HD 17156,hd17156,,,78.24,,,
HD 173416,hd173416,,,135.0,9.6,9.6,
HD 175167,hd175167,,,67.02,4.09,4.09,
HD 175370,hd175370,,,272.0,33.0,33.0,
HD 175541,hd175541,,,128.0,,,
HD 175607,hd175607,,,45.27,2.07,2.07,
HD 176051,hd176051,,,14.99,0.13,0.13,
HD 177830,hd177830,,,59.0,2.8,2.8,
HD 178911 B,hd178911b,,,46.73,,,
HD 179079,hd179079,,,63.69,,,
HD 180314,hd180314,,,132.0,10.0,10.0,
HD 180777,hd180777,,,27.3,,,
HD 180902,hd180902,,,110.0,10.0,10.0,
HD 181342,hd181342,,,110.6,7.5,7.5,
HD 181433,hd181433,,,26.15,1.0,1.0,
HD 181720,hd181720,,,56.0,4.0,4.0,
HD 183263,hd183263,,,53.0,,,
HD 185269,hd185269,,,47.0,1.0,1.0,
HD 187085,hd187085,,,44.98,1.3,1.3,
HD 187123,hd187123,,,50.0,,,
HD 18742,hd18742,,,135.0,14.0,14.0,
HD 188015,hd188015,,,52.6,,,
HD 189567,hd189567,,,17.7,0.13,0.13,
HD 190228,hd190228,,,66.11,,,
HD 190360,hd190360,,,15.89,0.16,0.16,
HD 190647,hd190647,,,54.2,3.4,3.4,
HD 190984,hd190984,,,103.0,21.0,21.0,
HD 191806,hd191806,,,,,,
HD 192263,hd192263,,,19.9,,,
HD 192699,hd192699,,,67.0,,,
HD 19467,hd19467,,,30.86,0.6,0.6,
HD 195019,hd195019,,,37.36,1.2,1.2,
HD 196050,hd196050,,,46.9,,,
HD 196067,hd196067,,,44.3,4.0,4.0,
HD 196885 A,hd196885a,,,33.0,1.0,1.0,
HD 197037,hd197037,,,33.0,,,
HD 19994,hd19994,,,22.38,,,
HD 20003,hd20003,,,43.8,1.5,1.5,
HD 200964,hd200964,,,68.4,4.8,4.8,
HD 202206,hd202206,,,46.34,,,
HD 20367,hd20367,,,27.0,,,
HD 2039,hd2039,,,89.8,,,
HD 204313,hd204313,,,47.37,1.39,1.39,
HD 204941,hd204941,,,27.0,1.0,1.0,
HD 205739,hd205739,,,90.3,,,
HD 206610,hd206610,,,194.0,36.0,36.0,
HD 20781,hd20781,,,35.4,1.0,1.0,
HD 20782,hd20782,,,36.02,1.0,1.0,
HD 207832,hd207832,,,54.4,2.7,2.7,
HD 20794,hd20794,,,6.06,,,
HD 208487,hd208487,,,45.0,,,
HD 208527,hd208527,,,320.2,61.1,61.1,
HD 20868,hd20868,,,48.9,3.5,3.5,
 O2,o2,,,co,k,h,
HD 210277,hd210277,,,21.29,0.36,0.36,
HD 210702,hd210702,,,56.0,2.3,2.3,
HD 211847,hd211847,,,50.6,3.3,3.3,
HD 212301,hd212301,,,52.7,,,
HD 212771,hd212771,,,131.0,14.0,14.0,
HD 213240,hd213240,,,40.75,,,
HD 214823,hd214823,,,,,,
HD 215152,hd215152,,,21.5,0.4,0.4,
HD 215456,hd215456,,,38.0,0.7,0.7,
HD 215497,hd215497,,,44.0,2.0,2.0,
HD 216435,hd216435,,,33.3,,,
HD 216437,hd216437,,,26.5,,,
HD 216536,hd216536,,,,,,
HD 216770,hd216770,,,38.0,,,
HD 21693,hd21693,,,32.4,0.5,0.5,
HD 217107,hd217107,,,19.72,0.3,0.3,
HD 217786,hd217786,,,54.8,2.0,2.0,
HD 218566,hd218566,,,29.94,1.11,1.11,
HD 219077,hd219077,,,29.35,0.3,0.3,
HD 219134,hd219134,,,6.55,,,
HD 219415,hd219415,,,,,,
HD 219828,hd219828,,,81.1,1.0,1.0,
HD 220074,hd220074,,,290.2,45.5,45.5,
HD 220689,hd220689,,,44.6,1.5,1.5,
HD 220773,hd220773,,,49.0,,,
HD 220842,hd220842,,,62.5,2.5,2.5,
HD 221287,hd221287,,,52.9,2.4,2.4,
HD 221585,hd221585,,,,,,
HD 222076,hd222076,,,83.5,4.3,4.3,
HD 222155,hd222155,,,49.1,1.5,1.5,
HD 222582,hd222582,,,42.0,,,
HD 224538,hd224538,,,77.76,4.41,4.41,
HD 224693,hd224693,,,94.0,,,
HD 22781,hd22781,,,31.79,,,
HD 23079,hd23079,,,34.8,,,
HD 23127,hd23127,,,89.1,,,
HD 231701,hd231701,,,108.4,,,
HD 233604,hd233604,,,,,,
HD 23596,hd23596,,,52.0,,,
HD 240210,hd240210,,,143.0,53.0,53.0,
HD 240237,hd240237,,,1500.0,,,
HD 24040,hd24040,,,46.51,2.3,2.3,
HD 24064,hd24064,,,264.4,31.2,31.2,
HD 25171,hd25171,,,55.0,1.5,1.5,
HD 2638,hd2638,,,53.71,,,
HD 27442,hd27442,,,18.1,,,
HD 27631,hd27631,,,45.5,1.5,1.5,
HD 27894,hd27894,,,42.37,,,
HD 28185,hd28185,,,39.4,,,
HD 28254,hd28254,,,56.2,2.0,2.0,
HD 283668,hd283668,,,42.3,,,
HD 284149,hd284149,,,108.2,18.5,18.5,
HD 285507,hd285507,,,41.3,3.0,3.0,
HD 28678,hd28678,,,227.0,48.0,48.0,
HD 290327,hd290327,,,54.9,4.3,4.3,
HD 2952,hd2952,,,115.2,9.0,9.0,
HD 30177,hd30177,,,55.0,,,
HD 30562,hd30562,,,26.5,,,
HD 30669,hd30669,,,57.0,3.9,3.9,
HD 30856,hd30856,,,118.1,9.9,9.9,
HD 31253,hd31253,,,53.82,3.45,3.45,
HD 31527,hd31527,,,38.6,0.9,0.9,
HD 32518,hd32518,,,117.4,10.7,10.7,
HD 32963,hd32963,,,,,,
HD 330075,hd330075,,,50.2,,,
HD 33142,hd33142,,,126.0,11.0,11.0,
HD 33283,hd33283,,,86.0,,,
HD 33564,hd33564,,,20.98,0.2,0.2,
HD 33844,hd33844,,,100.9,,,
HD 34445,hd34445,,,46.5,1.5,1.5,
HD 35759,hd35759,,,72.5,4.0,4.0,
HD 3651,hd3651,,,11.0,,,
HD 37124,hd37124,,,33.0,,,
HD 37605,hd37605,,,44.0,2.1,2.1,
HD 38283,hd38283,,,37.7,0.9,0.9,
HD 38529,hd38529,,,39.28,0.4,0.4,
HD 38801,hd38801,,,99.4,,,
HD 38858,hd38858,,,15.2,0.09,0.09,
HD 39091,hd39091,,,18.32,0.09,0.09,
HD 39194,hd39194,,,25.9,0.4,0.4,
HD 39392,hd39392,,,94.2,,,
HD 40307,hd40307,,,12.8,1.0,1.0,
HD 40979,hd40979,,,33.3,,,
HD 41004 A,hd41004a,,,42.5,,,
HD 41004 B,hd41004b,,,43.03,,,
HD 4113,hd4113,,,44.0,1.0,1.0,
HD 4203,hd4203,,,77.5,,,
HD 4208,hd4208,,,33.9,,,
HD 42618,hd42618,,,23.5,0.3,0.3,
HD 4308,hd4308,,,21.9,,,
HD 4313,hd4313,,,137.0,14.0,14.0,
HD 43197,hd43197,,,54.9,6.3,6.3,
HD 43691,hd43691,,,93.2,9.0,9.0,
HD 44219,hd44219,,,50.43,2.6,2.6,
HD 45184,hd45184,,,21.9,0.2,0.2,
HD 45350,hd45350,,,49.0,,,
HD 45364,hd45364,,,32.6,1.0,1.0,
HD 45652,hd45652,,,36.0,2.0,2.0,
HD 46375,hd46375,,,33.4,,,
HD 47186,hd47186,,,37.84,1.5,1.5,
HD 4732,hd4732,,,56.5,3.2,3.2,
HD 47366,hd47366,,,80.0,2.7,2.7,
HD 4747,hd4747,,,18.69,0.19,0.19,
HD 47536,hd47536,,,121.36,8.25,8.25,
HD 48265,hd48265,,,87.4,,,
HD 49674,hd49674,,,40.7,,,
HD 50499,hd50499,,,47.26,,,
HD 50554,hd50554,,,31.03,,,
HD 51608,hd51608,,,34.8,0.6,0.6,
HD 52265,hd52265,,,28.0,,,
HD 5319,hd5319,,,100.0,10.0,10.0,
HD 5583,hd5583,,,221.0,4.0,4.0,
HD 5608,hd5608,,,58.2,2.8,2.8,
HD 564,hd564,,,54.0,2.5,2.5,
HD 5891,hd5891,,,251.0,76.0,76.0,
HD 60532,hd60532,,,25.7,,,
HD 62509,hd62509,,,10.34,1.0,1.0,
HD 63454,hd63454,,,35.8,,,
HD 63765,hd63765,,,32.6,0.7,0.7,
HD 6434,hd6434,,,40.32,,,
HD 65216,hd65216,,,34.3,,,
HD 66141,hd66141,,,80.9,6.3,6.3,
HD 66428,hd66428,,,55.0,3.8,3.8,
HD 67087,hd67087,,,88.8,,,
HD 6718,hd6718,,,55.9,2.2,2.2,
HD 68402,hd68402,,,78.0,3.7,3.7,
HD 68988,hd68988,,,58.0,,,
HD 69830,hd69830,,,12.6,,,
HD 70642,hd70642,,,28.8,,,
HD 7199,hd7199,,,36.0,1.0,1.0,
HD 72659,hd72659,,,49.8,2.0,2.0,
HD 72892,hd72892,,,72.78,4.4,4.4,
HD 73256,hd73256,,,36.5,,,
HD 73267,hd73267,,,54.91,3.0,3.0,
HD 73526,hd73526,,,99.0,,,
HD 73534,hd73534,,,96.99,,,
HD 74156,hd74156,,,64.56,4.9,4.9,
HD 7449,hd7449,,,39.0,1.0,1.0,
HD 75289,hd75289,,,28.94,,,
HD 75784,hd75784,,,68.7,6.2,6.2,
HD 75898,hd75898,,,80.58,,,
HD 76700,hd76700,,,59.7,,,
HD 77065,hd77065,,,31.7,,,
HD 77338,hd77338,,,40.75,1.76,1.76,
HD 7924,hd7924,,,16.8,0.1,0.1,
HD 79498,hd79498,,,49.0,,,
HD 80606,hd80606,,,58.4,15.0,15.0,
HD 81040,hd81040,,,32.56,1.31,1.31,
HD 81688,hd81688,,,88.26,8.0,8.0,
HD 82886,hd82886,,,125.0,12.0,12.0,
HD 82943,hd82943,,,27.46,,,
HD 83443,hd83443,,,43.54,,,
HD 8535,hd8535,,,52.5,1.6,1.6,
HD 85390,hd85390,,,33.96,1.0,1.0,
HD 85512,hd85512,,,11.15,,,
HD 8574,hd8574,,,44.2,1.7,1.7,
HD 86081,hd86081,,,91.0,,,
HD 86226,hd86226,,,42.48,1.53,1.53,
HD 86264,hd86264,,,72.6,,,
HD 8673,hd8673,,,38.25,1.2,1.2,
HD 86950,hd86950,,,169.0,22.0,22.0,
HD 87646 A,hd87646a,,,,,,
HD 87883,hd87883,,,18.1,,,
HD 88133,hd88133,,,74.5,,,
HD 89307,hd89307,,,30.9,,,
HD 89744,hd89744,,,40.0,,,
HD 90156,hd90156,,,39.6,0.66,0.66,
HD 9174,hd9174,,,78.93,3.86,3.86,
HD 92788,hd92788,,,32.82,,,
HD 93083,hd93083,,,28.9,,,
HD 93385,hd93385,,,42.2,1.2,1.2,
HD 9446,hd9446,,,53.0,3.0,3.0,
HD 95086,hd95086,,,90.4,3.3,3.3,
HD 95089,hd95089,,,139.0,16.0,16.0,
HD 95127,hd95127,,,300.0,100.0,100.0,
HD 9578,hd9578,,,57.24,2.9,2.9,
HD 95872,hd95872,,,7.56,,,
HD 96063,hd96063,,,158.0,20.0,20.0,
HD 96127,hd96127,,,540.0,26.0,26.0,
HD 96167,hd96167,,,84.0,9.0,9.0,
HD 96700,hd96700,,,25.6,0.3,0.3,
HD 97658,hd97658,,,21.1,0.33,0.33,
HD 98219,hd98219,,,134.0,12.0,12.0,
HD 98649,hd98649,,,40.3,1.3,1.3,
HD 99109,hd99109,,,60.5,4.8,4.8,
HD 99492,hd99492,,,18.0,1.14,1.14,
HD 99706,hd99706,,,129.0,11.0,11.0,
HD169142,hd169142,,,145.0,,,
HII 1348,hii1348,,,127.0,7.0,7.0,
HIP 105854,hip105854,,,80.84,,,
HIP 107773,hip107773,,,106.0,4.0,4.0,
HIP 109384,hip109384,,,56.2,2.7,2.7,
HIP 109600,hip109600,,,58.6,3.2,3.2,
HIP 116454,hip116454,,,55.2,5.4,5.4,
HIP 11915,hip11915,,,57.3,3.5,3.5,
HIP 12961,hip12961,,,23.0,0.9,0.9,
HIP 14810,hip14810,,,52.9,4.1,4.1,
HIP 41378,hip41378,,,116.0,18.0,18.0,
HIP 5158,hip5158,,,45.0,4.0,4.0,
HIP 57050,hip57050,,,11.0,0.4,0.4,
HIP 57274,hip57274,,,25.92,,,
HIP 63242,hip63242,,,135.0,8.9,8.9,
HIP 65407,hip65407,,,16.74,1.28,1.28,
HIP 65891,hip65891,,,136.0,1.0,1.0,
HIP 67851,hip67851,,,65.96,1.7,1.7,
HIP 68468,hip68468,,,87.8,9.0,9.0,
HIP 70849,hip70849,,,24.0,1.2,1.2,
HIP 73990,hip73990,,,125.0,15.0,15.0,
HIP 74865,hip74865,,,115.0,15.0,15.0,
HIP 74890,hip74890,,,91.6,5.3,5.3,
HIP 75458,hip75458,,,31.5,,,
HIP 77900,hip77900,,,,,,
HIP 78530,hip78530,,,156.7,13.0,13.0,
HIP 79431,hip79431,,,14.4,0.7,0.7,
HIP 8541,hip8541,,,169.0,17.0,17.0,
HIP 91258,hip91258,,,44.9,1.3,1.3,
HIP 97233,hip97233,,,106.5,7.9,7.9,
HN Peg,hnpeg,,,18.4,0.3,0.3,
HR 2562,hr2562,,,33.63,0.48,0.48,
HR 3549,hr3549,,,92.5,,,
HR 7329,hr7329,,,48.0,,,
HR 810,hr810,,,17.17,0.07,0.07,
 H2O,h2o,,,,,39.4,
HR 8799,hr8799,,,39.4,1.0,1.0,
HU Aqr (AB),huaqr(ab),,,,,,
HW Vir (AB),hwvir(ab),,,181.0,20.0,20.0,
J1433,j1433,,,,,,
K2-10,k2-10,,,,,,
K2-11,k2-11,,,2019.0,1728.0,71.0,
K2-12,k2-12,,,294.0,27.0,78.0,
K2-13,k2-13,,,290.0,18.0,34.0,
K2-14,k2-14,,,219.0,8.0,8.0,
K2-15,k2-15,,,437.0,22.0,43.0,
K2-16,k2-16,,,324.0,16.0,16.0,
K2-17,k2-17,,,134.0,6.0,5.0,
K2-18,k2-18,,,34.0,4.0,4.0,
K2-19,k2-19,,,291.0,20.0,33.0,
KE-24 ,ke-24,,,181.0,17.0,17.0,
K2-26,k2-26,,,,,,
K2-27,k2-27,,,,,,
K2-28,k2-28,,,53.0,8.0,8.0,
K2-3,k2-3,,,42.0,2.0,2.0,
K2-30,k2-30,,,323.0,14.0,14.0,
EPIC 205117205,epic205117205,,,145.0,5.0,5.0,
K2-34,k2-34,,,377.0,20.0,20.0,
K2-39,k2-39,,,255.0,,,
K2-4,k2-4,,,218.0,10.0,11.0,
K2-5,k2-5,,,181.0,7.0,7.0,
K2-6,k2-6,,,343.0,33.0,52.0,
K2-7,k2-7,,,433.0,38.0,75.0,
K2-9,k2-9,,,66.0,7.0,11.0,
K2-95,k2-95,,,171.0,15.0,15.0,
EPIC 212803289,epic212803289,,,604.0,14.0,24.0,
KELT-1,kelt-1,,,263.0,14.0,14.0,
KELT-10,kelt-10,,,183.0,14.0,14.0,
KELT-11,kelt-11,,,98.0,5.0,5.0,
KELT-12,kelt-12,,,360.0,25.0,25.0,
KELT-15,kelt-15,,,201.0,19.0,19.0,
KELT-17,kelt-17,,,210.0,10.0,10.0,
KELT-2 A,kelt-2a,,,128.9,8.8,8.8,
KELT-3,kelt-3,,,178.0,16.0,16.0,
KELT-4 A,kelt-4a,,,211.0,13.0,13.0,
KELT-6,kelt-6,,,,,,
KELT-7,kelt-7,,,129.0,8.0,8.0,
KELT-8,kelt-8,,,236.0,9.0,9.0,
KIC 10001893,kic10001893,,,,,,
KIC 10024862,kic10024862,,,,,,
KIC 10255705 	,kic10255705	,,,,,,
KIC 10905746,kic10905746,,,,,,
KIC 11152511,kic11152511,,,,,,
KIC 12454613,kic12454613,,,,,,
KIC 12557548,kic12557548,,,470.0,,,
KIC 5010054,kic5010054,,,,,,
KIC 5094412,kic5094412,,,,,,
KIC 5522786,kic5522786,,,,,,
KIC 5732155,kic5732155,,,,,,
KIC 6185331,kic6185331,,,,,,
KIC 6372194,kic6372194,,,,,,
KIC 6436029,kic6436029,,,,,,
KIC 7917485,kic7917485,,,,,,
KIC 8012732,kic8012732,,,,,,
KIC 9413313,kic9413313,,,,,,
KIC 9662267,kic9662267,,,,,,
KIC 9704149,kic9704149,,,,,,
KMT-2015-1,kmt-2015-1,,,8200.0,900.0,900.0,
Kepler-418,kepler-418,,,,,,
KOI-1257 A,koi-1257a,,,900.0,110.0,110.0,
Kepler-432,kepler-432,,,874.0,30.0,30.0,
KOI-1843,koi-1843,,,,,,
KOI-188,koi-188,,,650.0,20.0,20.0,
KOI-192,koi-192,,,1100.0,150.0,150.0,
KOI-195,koi-195,,,880.0,30.0,30.0,
KOI-205,koi-205,,,585.0,16.0,16.0,
KOI-206,koi-206,,,,,,
KOI-2700,koi-2700,,,,,,
KOI-368,koi-368,,,1070.0,50.0,50.0,
KOI-415,koi-415,,,,,,
KOI-4427,koi-4427,,,240.0,32.0,39.0,
KOI-5833,koi-5833,,,,,,
KOI-5929,koi-5929,,,,,,
Kepler-51,kepler-51,,,,,,
KOI-680,koi-680,,,,,,
KOI-682,koi-682,,,,,,
KOI-771,koi-771,,,,,,
KOI-830,koi-830,,,730.0,25.0,25.0,
Kapteyn's,kapteyns,,,3.91,0.01,0.01,
Kepler-10,kepler-10,,,173.0,27.0,27.0,
Kepler-100,kepler-100,,,310.34,9.63,0.49,
Kepler-1000,kepler-1000,,,925.0,,,
Kepler-1001,kepler-1001,,,1009.0,,,
Kepler-1002,kepler-1002,,,425.0,,,
Kepler-1003,kepler-1003,,,873.0,,,
Kepler-1004,kepler-1004,,,1080.0,,,
Kepler-1005,kepler-1005,,,515.0,,,
Kepler-1006,kepler-1006,,,496.0,,,
Kepler-1007,kepler-1007,,,365.0,,,
Kepler-1008,kepler-1008,,,299.0,,,
Kepler-1009,kepler-1009,,,281.0,,,
Kepler-101,kepler-101,,,,,,
Kepler-1010,kepler-1010,,,610.0,,,
Kepler-1011,kepler-1011,,,860.0,,,
Kepler-1012,kepler-1012,,,420.0,,,
Kepler-1013,kepler-1013,,,433.0,,,
Kepler-1014,kepler-1014,,,672.0,,,
Kepler-1015,kepler-1015,,,932.0,,,
Kepler-1016,kepler-1016,,,1239.0,,,
Kepler-1017,kepler-1017,,,554.0,,,
Kepler-1018,kepler-1018,,,894.0,,,
Kepler-1019,kepler-1019,,,198.0,,,
Kepler-102,kepler-102,,,,,,
Kepler-1020,kepler-1020,,,446.0,,,
Kepler-1021,kepler-1021,,,837.0,,,
Kepler-1022,kepler-1022,,,455.0,,,
Kepler-1023,kepler-1023,,,686.0,,,
Kepler-1024,kepler-1024,,,1017.0,,,
Kepler-1025,kepler-1025,,,716.0,,,
Kepler-1026,kepler-1026,,,389.0,,,
Kepler-1027,kepler-1027,,,291.0,,,
Kepler-1028,kepler-1028,,,633.0,,,
Kepler-1029,kepler-1029,,,422.0,,,
Kepler-103,kepler-103,,,473.56,14.51,14.51,
Kepler-1030,kepler-1030,,,795.0,,,
Kepler-1031,kepler-1031,,,741.0,,,
Kepler-1032,kepler-1032,,,607.0,,,
Kepler-1033,kepler-1033,,,1425.0,,,
Kepler-1034,kepler-1034,,,706.0,,,
Kepler-1035,kepler-1035,,,408.0,,,
Kepler-1036,kepler-1036,,,507.0,,,
Kepler-1037,kepler-1037,,,451.0,,,
Kepler-1038,kepler-1038,,,622.0,,,
Kepler-1039,kepler-1039,,,324.0,,,
Kepler-104,kepler-104,,,,,,
Kepler-1040,kepler-1040,,,473.0,,,
Kepler-1041,kepler-1041,,,979.0,,,
Kepler-1042,kepler-1042,,,659.0,,,
Kepler-1043,kepler-1043,,,838.0,,,
Kepler-1044,kepler-1044,,,1507.0,,,
Kepler-1045,kepler-1045,,,971.0,,,
Kepler-1046,kepler-1046,,,518.0,,,
Kepler-1047,kepler-1047,,,566.0,,,
Kepler-1048,kepler-1048,,,415.0,,,
Kepler-1049,kepler-1049,,,129.0,,,
Kepler-105,kepler-105,,,,,,
Kepler-1050,kepler-1050,,,555.0,,,
Kepler-1051,kepler-1051,,,1021.0,,,
Kepler-1052,kepler-1052,,,1051.0,,,
Kepler-1053,kepler-1053,,,171.0,,,
Kepler-1054,kepler-1054,,,1050.0,,,
Kepler-1055,kepler-1055,,,422.0,,,
Kepler-1056,kepler-1056,,,971.0,,,
Kepler-1057,kepler-1057,,,1462.0,,,
Kepler-1058,kepler-1058,,,525.0,,,
Kepler-1059,kepler-1059,,,673.0,,,
Kepler-106,kepler-106,,,,,,
Kepler-1060,kepler-1060,,,861.0,,,
Kepler-1061,kepler-1061,,,585.0,,,
Kepler-1062,kepler-1062,,,388.0,,,
Kepler-1063,kepler-1063,,,365.0,,,
Kepler-1064,kepler-1064,,,374.0,,,
Kepler-1065,kepler-1065,,,1078.0,,,
Kepler-1066,kepler-1066,,,399.0,,,
Kepler-1067,kepler-1067,,,689.0,,,
Kepler-1068,kepler-1068,,,1532.0,,,
Kepler-1069,kepler-1069,,,435.0,,,
Kepler-107,kepler-107,,,,,,
Kepler-1070,kepler-1070,,,1040.0,,,
Kepler-1071,kepler-1071,,,964.0,,,
Kepler-1072,kepler-1072,,,976.0,,,
Kepler-1073,kepler-1073,,,837.0,,,
Kepler-1074,kepler-1074,,,245.0,,,
Kepler-1075,kepler-1075,,,265.0,,,
Kepler-1076,kepler-1076,,,199.0,,,
Kepler-1077,kepler-1077,,,1098.0,,,
Kepler-1078,kepler-1078,,,1215.0,,,
Kepler-1079,kepler-1079,,,481.0,,,
Kepler-108,kepler-108,,,,,,
Kepler-1080,kepler-1080,,,688.0,,,
Kepler-1081,kepler-1081,,,425.0,,,
Kepler-1082,kepler-1082,,,628.0,,,
Kepler-1083,kepler-1083,,,912.0,,,
Kepler-1084,kepler-1084,,,427.0,,,
Kepler-1085,kepler-1085,,,1518.0,,,
Kepler-1086,kepler-1086,,,464.0,,,
Kepler-1087,kepler-1087,,,354.0,,,
Kepler-1088,kepler-1088,,,300.0,,,
Kepler-1089,kepler-1089,,,227.0,,,
Kepler-109,kepler-109,,,464.73,15.28,14.88,
Kepler-1090,kepler-1090,,,702.0,,,
Kepler-1091,kepler-1091,,,915.0,,,
Kepler-1092,kepler-1092,,,914.0,,,
Kepler-1093,kepler-1093,,,848.0,,,
Kepler-1094,kepler-1094,,,1371.0,,,
Kepler-1095,kepler-1095,,,758.0,,,
Kepler-1096,kepler-1096,,,344.0,,,
Kepler-1097,kepler-1097,,,738.0,,,
Kepler-1098,kepler-1098,,,876.0,,,
Kepler-1099,kepler-1099,,,1209.0,,,
Kepler-11,kepler-11,,,,,,
Kepler-110,kepler-110,,,,,,
Kepler-1100,kepler-1100,,,940.0,,,
Kepler-1101,kepler-1101,,,897.0,,,
Kepler-1102,kepler-1102,,,986.0,,,
Kepler-1103,kepler-1103,,,921.0,,,
Kepler-1104,kepler-1104,,,516.0,,,
Kepler-1105,kepler-1105,,,369.0,,,
Kepler-1106,kepler-1106,,,1168.0,,,
Kepler-1107,kepler-1107,,,457.0,,,
Kepler-1108,kepler-1108,,,764.0,,,
Kepler-1109,kepler-1109,,,797.0,,,
Kepler-111,kepler-111,,,,,,
Kepler-1110,kepler-1110,,,726.0,,,
Kepler-1111,kepler-1111,,,1142.0,,,
Kepler-1112,kepler-1112,,,1734.0,,,
Kepler-1113,kepler-1113,,,1127.0,,,
Kepler-1114,kepler-1114,,,427.0,,,
Kepler-1115,kepler-1115,,,935.0,,,
Kepler-1116,kepler-1116,,,1017.0,,,
Kepler-1117,kepler-1117,,,619.0,,,
Kepler-1118,kepler-1118,,,818.0,,,
Kepler-1119,kepler-1119,,,1288.0,,,
Kepler-112,kepler-112,,,,,,
Kepler-1120,kepler-1120,,,635.0,,,
Kepler-1121,kepler-1121,,,529.0,,,
Kepler-1122,kepler-1122,,,924.0,,,
Kepler-1123,kepler-1123,,,796.0,,,
Kepler-1124,kepler-1124,,,177.0,,,
Kepler-1125,kepler-1125,,,910.0,,,
Kepler-1126,kepler-1126,,,668.0,,,
Kepler-1127,kepler-1127,,,996.0,,,
Kepler-1128,kepler-1128,,,1163.0,,,
Kepler-1129,kepler-1129,,,1258.0,,,
Kepler-113,kepler-113,,,,,,
Kepler-1130,kepler-1130,,,234.0,,,
Kepler-1131,kepler-1131,,,1109.0,,,
Kepler-1132,kepler-1132,,,940.0,,,
Kepler-1133,kepler-1133,,,821.0,,,
Kepler-1134,kepler-1134,,,997.0,,,
Kepler-1135,kepler-1135,,,728.0,,,
Kepler-1136,kepler-1136,,,545.0,,,
Kepler-1137,kepler-1137,,,971.0,,,
Kepler-1138,kepler-1138,,,1101.0,,,
Kepler-1139,kepler-1139,,,555.0,,,
Kepler-114,kepler-114,,,,,,
Kepler-1140,kepler-1140,,,657.0,,,
Kepler-1141,kepler-1141,,,365.0,,,
Kepler-1142,kepler-1142,,,697.0,,,
Kepler-1143,kepler-1143,,,632.0,,,
Kepler-1144,kepler-1144,,,1012.0,,,
Kepler-1145,kepler-1145,,,714.0,,,
Kepler-1146,kepler-1146,,,694.0,,,
Kepler-1147,kepler-1147,,,1476.0,,,
Kepler-1148,kepler-1148,,,682.0,,,
Kepler-1149,kepler-1149,,,1023.0,,,
Kepler-115,kepler-115,,,,,,
Kepler-1150,kepler-1150,,,373.0,,,
Kepler-1151,kepler-1151,,,763.0,,,
Kepler-1152,kepler-1152,,,184.0,,,
Kepler-1153,kepler-1153,,,1185.0,,,
Kepler-1154,kepler-1154,,,1531.0,,,
Kepler-1155,kepler-1155,,,987.0,,,
Kepler-1156,kepler-1156,,,759.0,,,
Kepler-1157,kepler-1157,,,346.0,,,
Kepler-1158,kepler-1158,,,1258.0,,,
Kepler-1159,kepler-1159,,,1238.0,,,
Kepler-116,kepler-116,,,,,,
Kepler-1160,kepler-1160,,,1293.0,,,
Kepler-1161,kepler-1161,,,428.0,,,
Kepler-1162,kepler-1162,,,989.0,,,
Kepler-1163,kepler-1163,,,487.0,,,
Kepler-1164,kepler-1164,,,447.0,,,
Kepler-1165,kepler-1165,,,1081.0,,,
Kepler-1166,kepler-1166,,,648.0,,,
Kepler-1167,kepler-1167,,,811.0,,,
Kepler-1168,kepler-1168,,,911.0,,,
Kepler-1169,kepler-1169,,,538.0,,,
Kepler-117,kepler-117,,,,,,
Kepler-1170,kepler-1170,,,911.0,,,
Kepler-1171,kepler-1171,,,615.0,,,
Kepler-1172,kepler-1172,,,1292.0,,,
Kepler-1173,kepler-1173,,,402.0,,,
Kepler-1174,kepler-1174,,,829.0,,,
Kepler-1175,kepler-1175,,,1244.0,,,
Kepler-1176,kepler-1176,,,1023.0,,,
Kepler-1177,kepler-1177,,,829.0,,,
Kepler-1178,kepler-1178,,,336.0,,,
Kepler-1179,kepler-1179,,,454.0,,,
Kepler-118,kepler-118,,,,,,
Kepler-1180,kepler-1180,,,1284.0,,,
Kepler-1181,kepler-1181,,,867.0,,,
Kepler-1182,kepler-1182,,,1258.0,,,
Kepler-1183,kepler-1183,,,1378.0,,,
Kepler-1184,kepler-1184,,,1193.0,,,
Kepler-1185,kepler-1185,,,296.0,,,
Kepler-1186,kepler-1186,,,1112.0,,,
Kepler-1187,kepler-1187,,,1029.0,,,
Kepler-1188,kepler-1188,,,1202.0,,,
Kepler-1189,kepler-1189,,,883.0,,,
Kepler-119,kepler-119,,,,,,
Kepler-1190,kepler-1190,,,384.0,,,
Kepler-1191,kepler-1191,,,876.0,,,
Kepler-1192,kepler-1192,,,1108.0,,,
Kepler-1193,kepler-1193,,,695.0,,,
Kepler-1194,kepler-1194,,,616.0,,,
Kepler-1195,kepler-1195,,,812.0,,,
Kepler-1196,kepler-1196,,,946.0,,,
Kepler-1197,kepler-1197,,,505.0,,,
Kepler-1198,kepler-1198,,,777.0,,,
Kepler-1199,kepler-1199,,,540.0,,,
Kepler-12,kepler-12,,,,,,
Kepler-120,kepler-120,,,,,,
Kepler-1200,kepler-1200,,,579.0,,,
Kepler-1201,kepler-1201,,,1202.0,,,
Kepler-1202,kepler-1202,,,1393.0,,,
Kepler-1203,kepler-1203,,,269.0,,,
Kepler-1204,kepler-1204,,,1282.0,,,
Kepler-1205,kepler-1205,,,766.0,,,
Kepler-1206,kepler-1206,,,807.0,,,
Kepler-1207,kepler-1207,,,946.0,,,
Kepler-1208,kepler-1208,,,877.0,,,
Kepler-1209,kepler-1209,,,558.0,,,
Kepler-121,kepler-121,,,,,,
Kepler-1210,kepler-1210,,,1155.0,,,
Kepler-1211,kepler-1211,,,1486.0,,,
Kepler-1212,kepler-1212,,,1304.0,,,
Kepler-1213,kepler-1213,,,685.0,,,
Kepler-1214,kepler-1214,,,757.0,,,
Kepler-1215,kepler-1215,,,701.0,,,
Kepler-1216,kepler-1216,,,1124.0,,,
Kepler-1217,kepler-1217,,,1363.0,,,
Kepler-1218,kepler-1218,,,667.0,,,
Kepler-1219,kepler-1219,,,622.0,,,
Kepler-122,kepler-122,,,,,,
Kepler-1220,kepler-1220,,,958.0,,,
Kepler-1221,kepler-1221,,,909.0,,,
Kepler-1222,kepler-1222,,,455.0,,,
Kepler-1223,kepler-1223,,,455.0,,,
Kepler-1224,kepler-1224,,,578.0,,,
Kepler-1225,kepler-1225,,,1241.0,,,
Kepler-1226,kepler-1226,,,779.0,,,
Kepler-1227,kepler-1227,,,667.0,,,
Kepler-1228,kepler-1228,,,547.0,,,
Kepler-1229,kepler-1229,,,236.0,,,
Kepler-123,kepler-123,,,,,,
Kepler-1230,kepler-1230,,,1433.0,,,
Kepler-1231,kepler-1231,,,948.0,,,
Kepler-1232,kepler-1232,,,740.0,,,
Kepler-1233,kepler-1233,,,1281.0,,,
Kepler-1234,kepler-1234,,,866.0,,,
Kepler-1235,kepler-1235,,,533.0,,,
Kepler-1236,kepler-1236,,,1078.0,,,
Kepler-1237,kepler-1237,,,1121.0,,,
Kepler-1238,kepler-1238,,,1533.0,,,
Kepler-1239,kepler-1239,,,2511.0,,,
Kepler-124,kepler-124,,,,,,
Kepler-1240,kepler-1240,,,614.0,,,
Kepler-1241,kepler-1241,,,936.0,,,
Kepler-1242,kepler-1242,,,682.0,,,
Kepler-1243,kepler-1243,,,877.0,,,
Kepler-1244,kepler-1244,,,764.0,,,
Kepler-1245,kepler-1245,,,861.0,,,
Kepler-1246,kepler-1246,,,435.0,,,
Kepler-1247,kepler-1247,,,1094.0,,,
Kepler-1248,kepler-1248,,,540.0,,,
Kepler-1249,kepler-1249,,,1674.0,,,
Kepler-125,kepler-125,,,,,,
Kepler-1250,kepler-1250,,,1371.0,,,
Kepler-1251,kepler-1251,,,863.0,,,
Kepler-1252,kepler-1252,,,828.0,,,
Kepler-1253,kepler-1253,,,390.0,,,
Kepler-1254,kepler-1254,,,676.0,,,
Kepler-1255,kepler-1255,,,1344.0,,,
Kepler-1256,kepler-1256,,,862.0,,,
Kepler-1257,kepler-1257,,,1081.0,,,
Kepler-1258,kepler-1258,,,651.0,,,
Kepler-1259,kepler-1259,,,704.0,,,
Kepler-126,kepler-126,,,,,,
Kepler-1260,kepler-1260,,,1041.0,,,
Kepler-1261,kepler-1261,,,795.0,,,
Kepler-1262,kepler-1262,,,1153.0,,,
Kepler-1263,kepler-1263,,,695.0,,,
Kepler-1264,kepler-1264,,,814.0,,,
Kepler-1265,kepler-1265,,,581.0,,,
Kepler-1266,kepler-1266,,,901.0,,,
Kepler-1267,kepler-1267,,,1628.0,,,
Kepler-1268,kepler-1268,,,1406.0,,,
Kepler-1269,kepler-1269,,,710.0,,,
Kepler-127,kepler-127,,,,,,
Kepler-1270,kepler-1270,,,1204.0,,,
Kepler-1271,kepler-1271,,,885.0,,,
Kepler-1272,kepler-1272,,,896.0,,,
Kepler-1273,kepler-1273,,,1355.0,,,
Kepler-1274,kepler-1274,,,609.0,,,
Kepler-1275,kepler-1275,,,1280.0,,,
Kepler-1276,kepler-1276,,,587.0,,,
Kepler-1277,kepler-1277,,,606.0,,,
Kepler-1278,kepler-1278,,,743.0,,,
Kepler-1279,kepler-1279,,,1017.0,,,
Kepler-128,kepler-128,,,,,,
Kepler-1280,kepler-1280,,,1006.0,,,
Kepler-1281,kepler-1281,,,1090.0,,,
Kepler-1282,kepler-1282,,,1126.0,,,
Kepler-1283,kepler-1283,,,1452.0,,,
Kepler-1284,kepler-1284,,,852.0,,,
Kepler-1285,kepler-1285,,,364.0,,,
Kepler-1286,kepler-1286,,,1150.0,,,
Kepler-1287,kepler-1287,,,1027.0,,,
Kepler-1288,kepler-1288,,,715.0,,,
Kepler-1289,kepler-1289,,,1059.0,,,
Kepler-129,kepler-129,,,,,,
Kepler-1290,kepler-1290,,,1321.0,,,
Kepler-1291,kepler-1291,,,982.0,,,
Kepler-1292,kepler-1292,,,1406.0,,,
Kepler-1293,kepler-1293,,,770.0,,,
Kepler-1294,kepler-1294,,,1120.0,,,
Kepler-1295,kepler-1295,,,1257.0,,,
Kepler-1296,kepler-1296,,,631.0,,,
Kepler-1297,kepler-1297,,,996.0,,,
Kepler-1298,kepler-1298,,,498.0,,,
Kepler-1299,kepler-1299,,,1352.0,,,
" KOI-13.01""","koi-13.01""",,,,,,
Kepler-130,kepler-130,,,,,,
Kepler-1300,kepler-1300,,,757.0,,,
Kepler-1301,kepler-1301,,,816.0,,,
Kepler-1302,kepler-1302,,,727.0,,,
Kepler-1303,kepler-1303,,,905.0,,,
Kepler-1304,kepler-1304,,,682.0,,,
Kepler-1305,kepler-1305,,,1343.0,,,
Kepler-1306,kepler-1306,,,1130.0,,,
Kepler-1307,kepler-1307,,,1396.0,,,
Kepler-1308,kepler-1308,,,73.0,,,
Kepler-1309,kepler-1309,,,845.0,,,
Kepler-131,kepler-131,,,,,,
Kepler-1310,kepler-1310,,,583.0,,,
Kepler-1311,kepler-1311,,,705.0,,,
Kepler-1312,kepler-1312,,,305.0,,,
Kepler-1313,kepler-1313,,,187.0,,,
Kepler-1314,kepler-1314,,,462.0,,,
Kepler-1315,kepler-1315,,,505.0,,,
Kepler-1316,kepler-1316,,,753.0,,,
Kepler-1317,kepler-1317,,,734.0,,,
Kepler-1318,kepler-1318,,,475.0,,,
Kepler-1319,kepler-1319,,,114.0,,,
Kepler-132,kepler-132,,,,,,
Kepler-1320,kepler-1320,,,771.0,,,
Kepler-1321,kepler-1321,,,547.0,,,
Kepler-1322,kepler-1322,,,1217.0,,,
Kepler-1323,kepler-1323,,,530.0,,,
Kepler-1324,kepler-1324,,,522.0,,,
Kepler-1325,kepler-1325,,,955.0,,,
Kepler-1326,kepler-1326,,,910.0,,,
Kepler-1327,kepler-1327,,,688.0,,,
Kepler-1328,kepler-1328,,,630.0,,,
Kepler-1329,kepler-1329,,,624.0,,,
Kepler-133,kepler-133,,,,,,
Kepler-1330,kepler-1330,,,939.0,,,
Kepler-1331,kepler-1331,,,365.0,,,
Kepler-1332,kepler-1332,,,515.0,,,
Kepler-1333,kepler-1333,,,958.0,,,
Kepler-1334,kepler-1334,,,1047.0,,,
Kepler-1335,kepler-1335,,,628.0,,,
Kepler-1336,kepler-1336,,,822.0,,,
Kepler-1337,kepler-1337,,,588.0,,,
Kepler-1338,kepler-1338,,,619.0,,,
Kepler-1339,kepler-1339,,,267.0,,,
Kepler-134,kepler-134,,,,,,
Kepler-1340,kepler-1340,,,1421.0,,,
Kepler-1341,kepler-1341,,,466.0,,,
Kepler-1342,kepler-1342,,,941.0,,,
Kepler-1343,kepler-1343,,,1307.0,,,
Kepler-1344,kepler-1344,,,851.0,,,
Kepler-1345,kepler-1345,,,1164.0,,,
Kepler-1346,kepler-1346,,,1123.0,,,
Kepler-1347,kepler-1347,,,321.0,,,
Kepler-1348,kepler-1348,,,1033.0,,,
Kepler-1349,kepler-1349,,,260.0,,,
Kepler-135,kepler-135,,,,,,
Kepler-1350,kepler-1350,,,350.0,,,
Kepler-1351,kepler-1351,,,241.0,,,
Kepler-1352,kepler-1352,,,637.0,,,
Kepler-1353,kepler-1353,,,596.0,,,
Kepler-1354,kepler-1354,,,1057.0,,,
Kepler-1355,kepler-1355,,,963.0,,,
Kepler-1356,kepler-1356,,,881.0,,,
Kepler-1357,kepler-1357,,,1026.0,,,
Kepler-1358,kepler-1358,,,558.0,,,
Kepler-1359,kepler-1359,,,669.0,,,
Kepler-136,kepler-136,,,,,,
Kepler-1360,kepler-1360,,,1405.0,,,
Kepler-1361,kepler-1361,,,404.0,,,
Kepler-1362,kepler-1362,,,767.0,,,
Kepler-1363,kepler-1363,,,559.0,,,
Kepler-1364,kepler-1364,,,1149.0,,,
Kepler-1365,kepler-1365,,,541.0,,,
Kepler-1366,kepler-1366,,,395.0,,,
Kepler-1367,kepler-1367,,,357.0,,,
Kepler-1368,kepler-1368,,,1750.0,,,
Kepler-1369,kepler-1369,,,1236.0,,,
Kepler-137,kepler-137,,,,,,
Kepler-1370,kepler-1370,,,878.0,,,
Kepler-1371,kepler-1371,,,450.0,,,
Kepler-1372,kepler-1372,,,1161.0,,,
Kepler-1373,kepler-1373,,,1112.0,,,
Kepler-1374,kepler-1374,,,1135.0,,,
Kepler-1375,kepler-1375,,,1238.0,,,
Kepler-1376,kepler-1376,,,864.0,,,
Kepler-1377,kepler-1377,,,1019.0,,,
Kepler-1378,kepler-1378,,,562.0,,,
Kepler-1379,kepler-1379,,,951.0,,,
KOI-314,koi-314,,,,,,
Kepler-1380,kepler-1380,,,1209.0,,,
Kepler-1381,kepler-1381,,,1306.0,,,
Kepler-1382,kepler-1382,,,730.0,,,
Kepler-1383,kepler-1383,,,961.0,,,
Kepler-1384,kepler-1384,,,618.0,,,
Kepler-1385,kepler-1385,,,527.0,,,
Kepler-1386,kepler-1386,,,838.0,,,
Kepler-1387,kepler-1387,,,491.0,,,
Kepler-1388,kepler-1388,,,492.0,,,
Kepler-1389,kepler-1389,,,521.0,,,
Kepler-139,kepler-139,,,,,,
Kepler-1390,kepler-1390,,,760.0,,,
Kepler-1391,kepler-1391,,,721.0,,,
Kepler-1392,kepler-1392,,,1117.0,,,
Kepler-1393,kepler-1393,,,462.0,,,
Kepler-1394,kepler-1394,,,820.0,,,
Kepler-1395,kepler-1395,,,507.0,,,
Kepler-1396,kepler-1396,,,1236.0,,,
Kepler-1397,kepler-1397,,,770.0,,,
Kepler-1398,kepler-1398,,,793.0,,,
Kepler-1399,kepler-1399,,,1256.0,,,
Kepler-14,kepler-14,,,980.0,,,
Kepler-140,kepler-140,,,,,,
Kepler-1400,kepler-1400,,,879.0,,,
Kepler-1401,kepler-1401,,,1242.0,,,
Kepler-1402,kepler-1402,,,681.0,,,
Kepler-1403,kepler-1403,,,1801.0,,,
Kepler-1404,kepler-1404,,,946.0,,,
Kepler-1405,kepler-1405,,,1605.0,,,
Kepler-1406,kepler-1406,,,587.0,,,
Kepler-1407,kepler-1407,,,1275.0,,,
Kepler-1408,kepler-1408,,,426.0,,,
Kepler-1409,kepler-1409,,,722.0,,,
Kepler-141,kepler-141,,,,,,
Kepler-1410,kepler-1410,,,367.0,,,
Kepler-1411,kepler-1411,,,1431.0,,,
Kepler-1412,kepler-1412,,,639.0,,,
Kepler-1413,kepler-1413,,,1162.0,,,
Kepler-1414,kepler-1414,,,534.0,,,
Kepler-1415,kepler-1415,,,1066.0,,,
Kepler-1416,kepler-1416,,,807.0,,,
Kepler-1417,kepler-1417,,,656.0,,,
Kepler-1418,kepler-1418,,,499.0,,,
Kepler-1419,kepler-1419,,,1444.0,,,
Kepler-142,kepler-142,,,,,,
Kepler-1420,kepler-1420,,,923.0,,,
Kepler-1421,kepler-1421,,,675.0,,,
Kepler-1422,kepler-1422,,,2081.0,,,
Kepler-1423,kepler-1423,,,449.0,,,
Kepler-1424,kepler-1424,,,620.0,,,
Kepler-1425,kepler-1425,,,499.0,,,
Kepler-1426,kepler-1426,,,1211.0,,,
Kepler-1427,kepler-1427,,,1220.0,,,
Kepler-1428,kepler-1428,,,802.0,,,
Kepler-1429,kepler-1429,,,1156.0,,,
Kepler-143,kepler-143,,,,,,
Kepler-1430,kepler-1430,,,541.0,,,
Kepler-1431,kepler-1431,,,1270.0,,,
Kepler-1432,kepler-1432,,,1552.0,,,
Kepler-1433,kepler-1433,,,1328.0,,,
Kepler-1434,kepler-1434,,,680.0,,,
Kepler-1435,kepler-1435,,,681.0,,,
Kepler-1436,kepler-1436,,,1142.0,,,
Kepler-1437,kepler-1437,,,1182.0,,,
Kepler-1438,kepler-1438,,,866.0,,,
Kepler-1439,kepler-1439,,,215.0,,,
Kepler-144,kepler-144,,,,,,
Kepler-1440,kepler-1440,,,685.0,,,
Kepler-1441,kepler-1441,,,751.0,,,
Kepler-1442,kepler-1442,,,525.0,,,
Kepler-1443,kepler-1443,,,475.0,,,
Kepler-1444,kepler-1444,,,340.0,,,
Kepler-1445,kepler-1445,,,482.0,,,
Kepler-1446,kepler-1446,,,162.0,,,
Kepler-1447,kepler-1447,,,871.0,,,
Kepler-1448,kepler-1448,,,786.0,,,
Kepler-1449,kepler-1449,,,1321.0,,,
Kepler-145,kepler-145,,,584.1,17.91,17.91,
Kepler-1450,kepler-1450,,,490.0,,,
Kepler-1451,kepler-1451,,,1159.0,,,
Kepler-1452,kepler-1452,,,974.0,,,
Kepler-1453,kepler-1453,,,1284.0,,,
Kepler-1454,kepler-1454,,,795.0,,,
Kepler-1455,kepler-1455,,,392.0,,,
Kepler-1456,kepler-1456,,,379.0,,,
Kepler-1457,kepler-1457,,,728.0,,,
Kepler-1458,kepler-1458,,,642.0,,,
Kepler-1459,kepler-1459,,,435.0,,,
Kepler-146,kepler-146,,,,,,
Kepler-1460,kepler-1460,,,574.0,,,
Kepler-1461,kepler-1461,,,752.0,,,
Kepler-1462,kepler-1462,,,1368.0,,,
Kepler-1463,kepler-1463,,,1341.0,,,
Kepler-1464,kepler-1464,,,692.0,,,
Kepler-1465,kepler-1465,,,350.0,,,
Kepler-1466,kepler-1466,,,686.0,,,
Kepler-1467,kepler-1467,,,890.0,,,
Kepler-1468,kepler-1468,,,1130.0,,,
Kepler-1469,kepler-1469,,,1255.0,,,
Kepler-147,kepler-147,,,,,,
Kepler-1470,kepler-1470,,,569.0,,,
Kepler-1471,kepler-1471,,,1059.0,,,
Kepler-1472,kepler-1472,,,1269.0,,,
Kepler-1473,kepler-1473,,,625.0,,,
Kepler-1474,kepler-1474,,,1214.0,,,
Kepler-1475,kepler-1475,,,1714.0,,,
Kepler-1476,kepler-1476,,,1218.0,,,
Kepler-1477,kepler-1477,,,525.0,,,
Kepler-1478,kepler-1478,,,1405.0,,,
Kepler-1479,kepler-1479,,,619.0,,,
Kepler-148,kepler-148,,,,,,
Kepler-1480,kepler-1480,,,540.0,,,
Kepler-1481,kepler-1481,,,493.0,,,
Kepler-1482,kepler-1482,,,442.0,,,
Kepler-1483,kepler-1483,,,1327.0,,,
Kepler-1484,kepler-1484,,,1095.0,,,
Kepler-1485,kepler-1485,,,550.0,,,
Kepler-1486,kepler-1486,,,1465.0,,,
Kepler-1487,kepler-1487,,,1094.0,,,
Kepler-1488,kepler-1488,,,618.0,,,
Kepler-1489,kepler-1489,,,870.0,,,
Kepler-149,kepler-149,,,,,,
Kepler-1490,kepler-1490,,,968.0,,,
Kepler-1491,kepler-1491,,,1312.0,,,
Kepler-1492,kepler-1492,,,371.0,,,
Kepler-1493,kepler-1493,,,572.0,,,
Kepler-1494,kepler-1494,,,1059.0,,,
Kepler-1495,kepler-1495,,,1307.0,,,
Kepler-1496,kepler-1496,,,1293.0,,,
Kepler-1497,kepler-1497,,,1122.0,,,
Kepler-1498,kepler-1498,,,740.0,,,
Kepler-1499,kepler-1499,,,310.0,,,
Kepler-15,kepler-15,,,,,,
Kepler-150,kepler-150,,,,,,
Kepler-1500,kepler-1500,,,904.0,,,
Kepler-1501,kepler-1501,,,888.0,,,
Kepler-1502,kepler-1502,,,1540.0,,,
Kepler-1503,kepler-1503,,,850.0,,,
Kepler-1504,kepler-1504,,,1029.0,,,
Kepler-1505,kepler-1505,,,359.0,,,
Kepler-1506,kepler-1506,,,1318.0,,,
Kepler-1507,kepler-1507,,,342.0,,,
Kepler-1508,kepler-1508,,,892.0,,,
Kepler-1509,kepler-1509,,,1277.0,,,
Kepler-151,kepler-151,,,,,,
Kepler-1510,kepler-1510,,,1615.0,,,
Kepler-1511,kepler-1511,,,897.0,,,
Kepler-1512,kepler-1512,,,162.0,,,
Kepler-1513,kepler-1513,,,384.0,,,
Kepler-1514,kepler-1514,,,379.0,,,
Kepler-1515,kepler-1515,,,504.0,,,
Kepler-1516,kepler-1516,,,872.0,,,
Kepler-1517,kepler-1517,,,869.0,,,
Kepler-1518,kepler-1518,,,1140.0,,,
Kepler-1519,kepler-1519,,,858.0,,,
Kepler-152,kepler-152,,,,,,
Kepler-1521,kepler-1521,,,227.0,,,
Kepler-1522,kepler-1522,,,690.0,,,
Kepler-1523,kepler-1523,,,918.0,,,
Kepler-1524,kepler-1524,,,506.0,,,
Kepler-1525,kepler-1525,,,396.0,,,
Kepler-1526,kepler-1526,,,576.0,,,
Kepler-1527,kepler-1527,,,1560.0,,,
Kepler-1528,kepler-1528,,,916.0,,,
Kepler-1529,kepler-1529,,,683.0,,,
Kepler-153,kepler-153,,,,,,
Kepler-1530,kepler-1530,,,552.0,,,
Kepler-1531,kepler-1531,,,670.0,,,
Kepler-1532,kepler-1532,,,824.0,,,
Kepler-1533,kepler-1533,,,852.0,,,
Kepler-1534,kepler-1534,,,1107.0,,,
Kepler-1535,kepler-1535,,,879.0,,,
Kepler-1536,kepler-1536,,,401.0,,,
Kepler-1537,kepler-1537,,,503.0,,,
Kepler-1538,kepler-1538,,,1291.0,,,
Kepler-1539,kepler-1539,,,788.0,,,
Kepler-154,kepler-154,,,,,,
Kepler-1540,kepler-1540,,,262.0,,,
Kepler-1541,kepler-1541,,,414.0,,,
Kepler-1542,kepler-1542,,,336.0,,,
Kepler-1543,kepler-1543,,,1114.0,,,
Kepler-1544,kepler-1544,,,349.0,,,
Kepler-1545,kepler-1545,,,688.0,,,
Kepler-1546,kepler-1546,,,994.0,,,
Kepler-1547,kepler-1547,,,665.0,,,
Kepler-1548,kepler-1548,,,1150.0,,,
Kepler-1549,kepler-1549,,,792.0,,,
Kepler-155,kepler-155,,,,,,
Kepler-1550,kepler-1550,,,1202.0,,,
Kepler-1551,kepler-1551,,,1560.0,,,
Kepler-1552,kepler-1552,,,618.0,,,
Kepler-1553,kepler-1553,,,719.0,,,
Kepler-1554,kepler-1554,,,982.0,,,
Kepler-1555,kepler-1555,,,1382.0,,,
Kepler-1556,kepler-1556,,,1060.0,,,
Kepler-1557,kepler-1557,,,1532.0,,,
Kepler-1558,kepler-1558,,,343.0,,,
Kepler-1559,kepler-1559,,,580.0,,,
Kepler-156,kepler-156,,,,,,
Kepler-1560,kepler-1560,,,529.0,,,
Kepler-1561,kepler-1561,,,993.0,,,
Kepler-1562,kepler-1562,,,1315.0,,,
Kepler-1563,kepler-1563,,,547.0,,,
Kepler-1564,kepler-1564,,,872.0,,,
Kepler-1565,kepler-1565,,,657.0,,,
Kepler-1566,kepler-1566,,,511.0,,,
Kepler-1567,kepler-1567,,,1226.0,,,
Kepler-1568,kepler-1568,,,883.0,,,
Kepler-1569,kepler-1569,,,1050.0,,,
Kepler-157,kepler-157,,,,,,
Kepler-1570,kepler-1570,,,463.0,,,
Kepler-1571,kepler-1571,,,802.0,,,
Kepler-1572,kepler-1572,,,600.0,,,
Kepler-1573,kepler-1573,,,1180.0,,,
Kepler-1574,kepler-1574,,,1275.0,,,
Kepler-1575,kepler-1575,,,1170.0,,,
Kepler-1576,kepler-1576,,,539.0,,,
Kepler-1577,kepler-1577,,,543.0,,,
Kepler-1578,kepler-1578,,,1016.0,,,
Kepler-1579,kepler-1579,,,466.0,,,
Kepler-158,kepler-158,,,,,,
Kepler-1580,kepler-1580,,,872.0,,,
Kepler-1581,kepler-1581,,,443.0,,,
Kepler-1582,kepler-1582,,,112.0,,,
Kepler-1583,kepler-1583,,,357.0,,,
Kepler-1584,kepler-1584,,,1325.0,,,
Kepler-1585,kepler-1585,,,1269.0,,,
Kepler-1586,kepler-1586,,,864.0,,,
Kepler-1587,kepler-1587,,,907.0,,,
Kepler-1588,kepler-1588,,,658.0,,,
Kepler-1589,kepler-1589,,,1418.0,,,
Kepler-159,kepler-159,,,,,,
Kepler-1590,kepler-1590,,,900.0,,,
Kepler-1591,kepler-1591,,,1090.0,,,
Kepler-1592,kepler-1592,,,1349.0,,,
Kepler-1593,kepler-1593,,,755.0,,,
Kepler-1594,kepler-1594,,,1100.0,,,
Kepler-1595,kepler-1595,,,841.0,,,
Kepler-1596,kepler-1596,,,1166.0,,,
Kepler-1597,kepler-1597,,,1255.0,,,
Kepler-1598,kepler-1598,,,734.0,,,
Kepler-1599,kepler-1599,,,1004.0,,,
Kepler-16 (AB),kepler-16(ab),,,,,,
Kepler-160,kepler-160,,,,,,
Kepler-1600,kepler-1600,,,992.0,,,
Kepler-1601,kepler-1601,,,660.0,,,
Kepler-1602,kepler-1602,,,815.0,,,
Kepler-1603,kepler-1603,,,1751.0,,,
Kepler-1604,kepler-1604,,,562.0,,,
Kepler-1605,kepler-1605,,,224.0,,,
Kepler-1606,kepler-1606,,,880.0,,,
Kepler-1607,kepler-1607,,,735.0,,,
Kepler-1608,kepler-1608,,,832.0,,,
Kepler-1609,kepler-1609,,,1483.0,,,
Kepler-161,kepler-161,,,,,,
Kepler-1610,kepler-1610,,,1063.0,,,
Kepler-1611,kepler-1611,,,686.0,,,
Kepler-1612,kepler-1612,,,837.0,,,
Kepler-1613,kepler-1613,,,855.0,,,
Kepler-1614,kepler-1614,,,982.0,,,
Kepler-1615,kepler-1615,,,940.0,,,
Kepler-1616,kepler-1616,,,862.0,,,
Kepler-1617,kepler-1617,,,813.0,,,
Kepler-1618,kepler-1618,,,1238.0,,,
Kepler-1619,kepler-1619,,,520.0,,,
Kepler-162,kepler-162,,,,,,
Kepler-1620,kepler-1620,,,773.0,,,
Kepler-1621,kepler-1621,,,1461.0,,,
Kepler-1622,kepler-1622,,,927.0,,,
Kepler-1623,kepler-1623,,,986.0,,,
Kepler-1624,kepler-1624,,,199.0,,,
Kepler-1625,kepler-1625,,,1213.0,,,
Kepler-1626,kepler-1626,,,1718.0,,,
Kepler-1627,kepler-1627,,,311.0,,,
Kepler-1628,kepler-1628,,,352.0,,,
Kepler-1629,kepler-1629,,,390.0,,,
Kepler-163,kepler-163,,,,,,
Kepler-1630,kepler-1630,,,278.0,,,
Kepler-1631,kepler-1631,,,1190.0,,,
Kepler-1632,kepler-1632,,,584.0,,,
Kepler-1633,kepler-1633,,,811.0,,,
Kepler-1634,kepler-1634,,,654.0,,,
Kepler-1635,kepler-1635,,,1084.0,,,
Kepler-1636,kepler-1636,,,1567.0,,,
Kepler-1637,kepler-1637,,,506.0,,,
Kepler-1638,kepler-1638,,,879.0,,,
Kepler-1639,kepler-1639,,,1168.0,,,
Kepler-164,kepler-164,,,,,,
Kepler-1640,kepler-1640,,,1379.0,,,
Kepler-1641,kepler-1641,,,961.0,,,
Kepler-1642,kepler-1642,,,447.0,,,
Kepler-1643,kepler-1643,,,414.0,,,
Kepler-1644,kepler-1644,,,592.0,,,
Kepler-1645,kepler-1645,,,844.0,,,
Kepler-1646,kepler-1646,,,81.0,,,
Kepler-1647 (AB),kepler-1647(ab),,,,,,
Kepler-165,kepler-165,,,,,,
Kepler-166,kepler-166,,,,,,
Kepler-167,kepler-167,,,,,,
Kepler-168,kepler-168,,,,,,
Kepler-169,kepler-169,,,,,,
Kepler-17,kepler-17,,,800.0,100.0,100.0,
Kepler-170,kepler-170,,,,,,
Kepler-171,kepler-171,,,,,,
Kepler-172,kepler-172,,,,,,
Kepler-173,kepler-173,,,,,,
Kepler-174,kepler-174,,,,,,
Kepler-175,kepler-175,,,,,,
Kepler-176,kepler-176,,,,,,
Kepler-177,kepler-177,,,,,,
Kepler-178,kepler-178,,,,,,
Kepler-179,kepler-179,,,,,,
Kepler-18,kepler-18,,,,,,
Kepler-180,kepler-180,,,,,,
Kepler-181,kepler-181,,,,,,
Kepler-182,kepler-182,,,,,,
Kepler-183,kepler-183,,,,,,
Kepler-184,kepler-184,,,,,,
Kepler-185,kepler-185,,,,,,
Kepler-186,kepler-186,,,151.0,18.0,18.0,
Kepler-187,kepler-187,,,,,,
Kepler-188,kepler-188,,,,,,
Kepler-189,kepler-189,,,,,,
Kepler-19,kepler-19,,,,,,
Kepler-190,kepler-190,,,,,,
Kepler-191,kepler-191,,,,,,
Kepler-192,kepler-192,,,,,,
Kepler-193,kepler-193,,,,,,
Kepler-194,kepler-194,,,,,,
Kepler-195,kepler-195,,,,,,
Kepler-196,kepler-196,,,,,,
Kepler-197,kepler-197,,,,,,
Kepler-198,kepler-198,,,,,,
Kepler-199,kepler-199,,,,,,
Kepler-20,kepler-20,,,290.0,30.0,30.0,
Kepler-200,kepler-200,,,,,,
Kepler-201,kepler-201,,,,,,
Kepler-202,kepler-202,,,,,,
Kepler-203,kepler-203,,,,,,
Kepler-204,kepler-204,,,,,,
Kepler-205,kepler-205,,,,,,
Kepler-206,kepler-206,,,,,,
Kepler-207,kepler-207,,,,,,
Kepler-208,kepler-208,,,,,,
Kepler-209,kepler-209,,,,,,
Kepler-21,kepler-21,,,108.0,19.0,19.0,
Kepler-210,kepler-210,,,,,,
Kepler-211,kepler-211,,,,,,
Kepler-212,kepler-212,,,,,,
Kepler-213,kepler-213,,,,,,
Kepler-214,kepler-214,,,,,,
Kepler-215,kepler-215,,,,,,
Kepler-216,kepler-216,,,,,,
Kepler-217,kepler-217,,,,,,
Kepler-218,kepler-218,,,,,,
Kepler-219,kepler-219,,,,,,
Kepler-22,kepler-22,,,190.0,,,
Kepler-220,kepler-220,,,,,,
Kepler-221,kepler-221,,,,,,
Kepler-222,kepler-222,,,,,,
Kepler-223,kepler-223,,,,,,
Kepler-224,kepler-224,,,,,,
Kepler-225,kepler-225,,,,,,
Kepler-226,kepler-226,,,,,,
Kepler-227,kepler-227,,,,,,
Kepler-228,kepler-228,,,,,,
Kepler-229,kepler-229,,,,,,
Kepler-23,kepler-23,,,,0.12,0.12,
Kepler-230,kepler-230,,,,,,
Kepler-231,kepler-231,,,,,,
Kepler-232,kepler-232,,,,,,
Kepler-233,kepler-233,,,,,,
Kepler-234,kepler-234,,,,,,
Kepler-235,kepler-235,,,,,,
Kepler-236,kepler-236,,,,,,
Kepler-237,kepler-237,,,,,,
Kepler-238,kepler-238,,,,,,
Kepler-239,kepler-239,,,,,,
Kepler-24,kepler-24,,,,,,
Kepler-240,kepler-240,,,,,,
Kepler-241,kepler-241,,,,,,
Kepler-242,kepler-242,,,,,,
Kepler-243,kepler-243,,,,,,
Kepler-244,kepler-244,,,,,,
Kepler-245,kepler-245,,,,,,
Kepler-246,kepler-246,,,,,,
Kepler-247,kepler-247,,,,,,
Kepler-248,kepler-248,,,,,,
Kepler-249,kepler-249,,,,,,
Kepler-25,kepler-25,,,,,,
Kepler-250,kepler-250,,,,,,
Kepler-251,kepler-251,,,,,,
Kepler-252,kepler-252,,,,,,
Kepler-253,kepler-253,,,,,,
Kepler-254,kepler-254,,,,,,
Kepler-255,kepler-255,,,,,,
Kepler-256,kepler-256,,,,,,
Kepler-257,kepler-257,,,,,,
Kepler-258,kepler-258,,,,,,
Kepler-259,kepler-259,,,,,,
Kepler-26,kepler-26,,,,,,
Kepler-260,kepler-260,,,,,,
Kepler-261,kepler-261,,,,,,
Kepler-262,kepler-262,,,,,,
Kepler-263,kepler-263,,,,,,
Kepler-264,kepler-264,,,,,,
Kepler-265,kepler-265,,,,,,
Kepler-266,kepler-266,,,,,,
Kepler-267,kepler-267,,,,,,
Kepler-268,kepler-268,,,,,,
Kepler-269,kepler-269,,,,,,
Kepler-27,kepler-27,,,,,,
Kepler-270,kepler-270,,,,,,
Kepler-271,kepler-271,,,,,,
Kepler-272,kepler-272,,,,,,
Kepler-273,kepler-273,,,,,,
Kepler-274,kepler-274,,,,,,
Kepler-275,kepler-275,,,,,,
Kepler-276,kepler-276,,,,,,
Kepler-277,kepler-277,,,,,,
Kepler-278,kepler-278,,,,,,
Kepler-279,kepler-279,,,,,,
Kepler-28,kepler-28,,,,,,
Kepler-280,kepler-280,,,,,,
Kepler-281,kepler-281,,,,,,
Kepler-282,kepler-282,,,,,,
Kepler-283,kepler-283,,,,,,
Kepler-284,kepler-284,,,,,,
Kepler-285,kepler-285,,,,,,
Kepler-286,kepler-286,,,,,,
Kepler-287,kepler-287,,,,,,
Kepler-288,kepler-288,,,,,,
Kepler-289,kepler-289,,,700.0,14.0,14.0,
Kepler-29,kepler-29,,,,,,
Kepler-290,kepler-290,,,,,,
Kepler-291,kepler-291,,,,,,
Kepler-292,kepler-292,,,,,,
Kepler-293,kepler-293,,,,,,
Kepler-294,kepler-294,,,,,,
Kepler-295,kepler-295,,,,,,
Kepler-296,kepler-296,,,,,,
Kepler-297,kepler-297,,,,,,
Kepler-298,kepler-298,,,,,,
Kepler-299,kepler-299,,,,,,
Kepler-30,kepler-30,,,,,,
Kepler-300,kepler-300,,,,,,
Kepler-301,kepler-301,,,,,,
Kepler-302,kepler-302,,,,,,
Kepler-303,kepler-303,,,,,,
Kepler-304,kepler-304,,,,,,
Kepler-305,kepler-305,,,,,,
Kepler-306,kepler-306,,,,,,
Kepler-307,kepler-307,,,,,,
Kepler-308,kepler-308,,,,,,
Kepler-309,kepler-309,,,,,,
Kepler-31,kepler-31,,,,,,
Kepler-310,kepler-310,,,,,,
Kepler-311,kepler-311,,,,,,
Kepler-312,kepler-312,,,,,,
Kepler-313,kepler-313,,,,,,
Kepler-314,kepler-314,,,,,,
Kepler-315,kepler-315,,,,,,
Kepler-316,kepler-316,,,,,,
Kepler-317,kepler-317,,,,,,
Kepler-318,kepler-318,,,,,,
Kepler-319,kepler-319,,,,,,
Kepler-32,kepler-32,,,,,,
Kepler-320,kepler-320,,,,,,
Kepler-321,kepler-321,,,,,,
Kepler-322,kepler-322,,,,,,
Kepler-323,kepler-323,,,,,,
Kepler-324,kepler-324,,,,,,
Kepler-325,kepler-325,,,,,,
Kepler-326,kepler-326,,,,,,
Kepler-327,kepler-327,,,,,,
Kepler-328,kepler-328,,,,,,
Kepler-329,kepler-329,,,,,,
Kepler-33,kepler-33,,,,,,
Kepler-330,kepler-330,,,,,,
Kepler-331,kepler-331,,,,,,
Kepler-332,kepler-332,,,,,,
Kepler-333,kepler-333,,,,,,
Kepler-334,kepler-334,,,,,,
Kepler-335,kepler-335,,,,,,
Kepler-336,kepler-336,,,,,,
Kepler-337,kepler-337,,,,,,
Kepler-338,kepler-338,,,,,,
Kepler-339,kepler-339,,,,,,
Kepler-34 (AB),kepler-34(ab),,,1499.0,33.0,33.0,
Kepler-340,kepler-340,,,,,,
Kepler-341,kepler-341,,,,,,
Kepler-342,kepler-342,,,,,,
Kepler-343,kepler-343,,,,,,
Kepler-344,kepler-344,,,,,,
Kepler-345,kepler-345,,,,,,
Kepler-346,kepler-346,,,,,,
Kepler-347,kepler-347,,,,,,
Kepler-348,kepler-348,,,,,,
Kepler-349,kepler-349,,,,,,
Kepler-35 (AB),kepler-35(ab),,,1645.0,43.0,43.0,
Kepler-350,kepler-350,,,,,,
Kepler-351,kepler-351,,,,,,
Kepler-352,kepler-352,,,,,,
Kepler-353,kepler-353,,,,,,
Kepler-354,kepler-354,,,,,,
Kepler-355,kepler-355,,,,,,
Kepler-356,kepler-356,,,,,,
Kepler-357,kepler-357,,,,,,
Kepler-358,kepler-358,,,,,,
Kepler-359,kepler-359,,,,,,
Kepler-36,kepler-36,,,,,,
Kepler-360,kepler-360,,,,,,
Kepler-361,kepler-361,,,,,,
Kepler-362,kepler-362,,,,,,
Kepler-363,kepler-363,,,,,,
Kepler-364,kepler-364,,,,,,
Kepler-365,kepler-365,,,,,,
Kepler-366,kepler-366,,,,,,
Kepler-367,kepler-367,,,,,,
Kepler-368,kepler-368,,,,,,
Kepler-369,kepler-369,,,,,,
Kepler-37,kepler-37,,,66.0,,,
Kepler-370,kepler-370,,,,,,
Kepler-371,kepler-371,,,,,,
Kepler-372,kepler-372,,,,,,
Kepler-373,kepler-373,,,,,,
Kepler-374,kepler-374,,,,,,
Kepler-375,kepler-375,,,,,,
Kepler-376,kepler-376,,,,,,
Kepler-377,kepler-377,,,,,,
Kepler-378,kepler-378,,,,,,
Kepler-379,kepler-379,,,,,,
Kepler-38 (AB),kepler-38(ab),,,,,,
Kepler-380,kepler-380,,,,,,
Kepler-381,kepler-381,,,,,,
Kepler-382,kepler-382,,,,,,
Kepler-383,kepler-383,,,,,,
Kepler-384,kepler-384,,,,,,
Kepler-385,kepler-385,,,,,,
Kepler-386,kepler-386,,,,,,
Kepler-387,kepler-387,,,,,,
Kepler-388,kepler-388,,,,,,
Kepler-389,kepler-389,,,,,,
Kepler-39,kepler-39,,,1200.0,250.0,250.0,
Kepler-390,kepler-390,,,,,,
Kepler-391,kepler-391,,,,,,
Kepler-392,kepler-392,,,,,,
Kepler-393,kepler-393,,,,,,
Kepler-394,kepler-394,,,,,,
Kepler-395,kepler-395,,,,,,
Kepler-396,kepler-396,,,,,,
Kepler-397,kepler-397,,,,,,
Kepler-398,kepler-398,,,,,,
Kepler-399,kepler-399,,,,,,
Kepler-4,kepler-4,,,550.0,80.0,80.0,
Kepler-40,kepler-40,,,2700.0,200.0,200.0,
Kepler-400,kepler-400,,,,,,
Kepler-401,kepler-401,,,,,,
Kepler-402,kepler-402,,,,,,
Kepler-403,kepler-403,,,,,,
Kepler-404,kepler-404,,,,,,
Kepler-405,kepler-405,,,,,,
Kepler-406,kepler-406,,,,,,
Kepler-408,kepler-408,,,,,,
Kepler-409,kepler-409,,,66.8,2.05,2.02,
Kepler-41,kepler-41,,,730.0,70.0,70.0,
Kepler-410 A,kepler-410a,,,132.0,6.9,6.9,
KOI-1781,koi-1781,,,,,,
Kepler-412,kepler-412,,,1056.0,0.036,0.036,
Kepler-413 (AB),kepler-413(ab),,,,,,
KOI-1474,koi-1474,,,,,,
Kepler-42,kepler-42,,,38.7,6.3,6.3,
Kepler-421,kepler-421,,,320.0,20.0,20.0,
Kepler-422,kepler-422,,,,,,
Kepler-423,kepler-423,,,,,,
Kepler-424,kepler-424,,,,,,
Kepler-43,kepler-43,,,1950.0,250.0,250.0,
Kepler-430,kepler-430,,,,,,
Kepler-431,kepler-431,,,,,,
Kepler-436,kepler-436,,,618.0,30.0,30.0,
Kepler-437,kepler-437,,,417.0,24.0,24.0,
Kepler-438,kepler-438,,,145.0,23.0,23.0,
Kepler-439,kepler-439,,,693.0,66.0,38.0,
Kepler-44,kepler-44,,,2250.0,300.0,300.0,
Kepler-440,kepler-440,,,261.0,16.0,46.0,
Kepler-441,kepler-441,,,284.0,28.0,48.0,
Kepler-442,kepler-442,,,342.0,22.0,22.0,
Kepler-443,kepler-443,,,779.0,45.0,38.0,
Kepler-444,kepler-444,,,,,,
Kepler-445,kepler-445,,,90.0,,,
Kepler-446,kepler-446,,,120.0,,,
Kepler-447,kepler-447,,,,,,
KOI-12,koi-12,,,426.0,40.0,40.0,
Kepler-449,kepler-449,,,,,,
Kepler-45,kepler-45,,,333.0,33.0,33.0,
Kepler-450,kepler-450,,,,,,
Kepler-452,kepler-452,,,,,,
Kepler-453 A,kepler-453a,,,,,,
Kepler-454,kepler-454,,,,,,
 KIC 3558849 b,kic3558849b,,,,,,
" KIC 5951458 b""","kic5951458b""",,,,,,
" KIC 8540376 b""","kic8540376b""",,,,12.966,,
Kepler-457,kepler-457,,,,,,
KIC 9663113,kic9663113,,,,,,
Kepler-46,kepler-46,,,857.0,69.0,69.0,
Kepler-461,kepler-461,,,468.0,,,
KOI-89,koi-89,,,,,,
Kepler-463,kepler-463,,,336.0,,,
Kepler-464,kepler-464,,,653.0,,,
Kepler-465,kepler-465,,,587.0,,,
Kepler-466,kepler-466,,,436.0,,,
Kepler-467,kepler-467,,,458.0,,,
Kepler-468,kepler-468,,,474.0,,,
Kepler-469,kepler-469,,,714.0,,,
Kepler-47 (AB),kepler-47(ab),,,,,,
Kepler-470,kepler-470,,,989.0,,,
Kepler-471,kepler-471,,,1373.0,,,
Kepler-472,kepler-472,,,302.0,,,
Kepler-473,kepler-473,,,641.0,,,
Kepler-474,kepler-474,,,568.0,,,
Kepler-475,kepler-475,,,280.0,,,
Kepler-476,kepler-476,,,687.0,,,
Kepler-477,kepler-477,,,367.0,,,
Kepler-478,kepler-478,,,420.0,,,
Kepler-479,kepler-479,,,371.0,,,
Kepler-48,kepler-48,,,,,,
Kepler-480,kepler-480,,,806.0,,,
Kepler-481,kepler-481,,,713.0,,,
Kepler-482,kepler-482,,,290.0,,,
Kepler-483,kepler-483,,,953.0,,,
Kepler-484,kepler-484,,,377.0,,,
Kepler-485,kepler-485,,,1173.0,,,
Kepler-486,kepler-486,,,428.0,,,
Kepler-487,kepler-487,,,835.0,,,
Kepler-488,kepler-488,,,1157.0,,,
Kepler-489,kepler-489,,,379.0,,,
Kepler-49,kepler-49,,,,,,
Kepler-490,kepler-490,,,1249.0,,,
Kepler-491,kepler-491,,,657.0,,,
Kepler-492,kepler-492,,,642.0,,,
Kepler-493,kepler-493,,,1942.0,,,
Kepler-494,kepler-494,,,862.0,,,
Kepler-495,kepler-495,,,630.0,,,
Kepler-496,kepler-496,,,655.0,,,
Kepler-497,kepler-497,,,1070.0,,,
Kepler-498,kepler-498,,,746.0,,,
Kepler-499,kepler-499,,,523.0,,,
Kepler-5,kepler-5,,,,,,
Kepler-50,kepler-50,,,,,,
Kepler-500,kepler-500,,,747.0,,,
Kepler-501,kepler-501,,,1044.0,,,
Kepler-502,kepler-502,,,1433.0,,,
Kepler-503,kepler-503,,,888.0,,,
Kepler-504,kepler-504,,,75.0,,,
Kepler-505,kepler-505,,,222.0,,,
Kepler-506,kepler-506,,,231.0,,,
Kepler-507,kepler-507,,,410.0,,,
Kepler-508,kepler-508,,,325.0,,,
Kepler-509,kepler-509,,,339.0,,,
Kepler-510,kepler-510,,,378.0,,,
Kepler-511,kepler-511,,,448.0,,,
Kepler-512,kepler-512,,,531.0,,,
Kepler-513,kepler-513,,,467.0,,,
Kepler-514,kepler-514,,,489.0,,,
Kepler-515,kepler-515,,,255.0,,,
Kepler-516,kepler-516,,,777.0,,,
Kepler-517,kepler-517,,,284.0,,,
Kepler-518,kepler-518,,,324.0,,,
Kepler-519,kepler-519,,,234.0,,,
Kepler-52,kepler-52,,,,,,
Kepler-520,kepler-520,,,492.0,,,
Kepler-521,kepler-521,,,737.0,,,
Kepler-522,kepler-522,,,749.0,,,
Kepler-523,kepler-523,,,270.0,,,
Kepler-524,kepler-524,,,730.0,,,
Kepler-525,kepler-525,,,566.0,,,
Kepler-526,kepler-526,,,504.0,,,
Kepler-527,kepler-527,,,901.0,,,
Kepler-528,kepler-528,,,711.0,,,
Kepler-529,kepler-529,,,787.0,,,
Kepler-53,kepler-53,,,,,,
Kepler-530,kepler-530,,,464.0,,,
Kepler-531,kepler-531,,,254.0,,,
Kepler-532,kepler-532,,,325.0,,,
Kepler-533,kepler-533,,,305.0,,,
Kepler-534,kepler-534,,,473.0,,,
Kepler-535,kepler-535,,,678.0,,,
Kepler-536,kepler-536,,,446.0,,,
Kepler-537,kepler-537,,,465.0,,,
Kepler-538,kepler-538,,,165.0,,,
Kepler-539,kepler-539,,,,,,
Kepler-54,kepler-54,,,,,,
Kepler-540,kepler-540,,,350.0,,,
Kepler-541,kepler-541,,,1020.0,,,
Kepler-542,kepler-542,,,439.0,,,
Kepler-543,kepler-543,,,212.0,,,
Kepler-544,kepler-544,,,797.0,,,
Kepler-545,kepler-545,,,831.0,,,
Kepler-546,kepler-546,,,896.0,,,
Kepler-547,kepler-547,,,361.0,,,
Kepler-548,kepler-548,,,776.0,,,
Kepler-549,kepler-549,,,648.0,,,
Kepler-55,kepler-55,,,,,,
Kepler-550,kepler-550,,,563.0,,,
Kepler-551,kepler-551,,,312.0,,,
Kepler-552,kepler-552,,,834.0,,,
Kepler-553,kepler-553,,,725.0,,,
Kepler-554,kepler-554,,,642.0,,,
Kepler-555,kepler-555,,,772.0,,,
Kepler-556,kepler-556,,,729.0,,,
Kepler-557,kepler-557,,,1126.0,,,
Kepler-558,kepler-558,,,652.0,,,
Kepler-559,kepler-559,,,793.0,,,
Kepler-56,kepler-56,,,,,,
Kepler-560,kepler-560,,,88.0,,,
Kepler-561,kepler-561,,,667.0,,,
Kepler-562,kepler-562,,,822.0,,,
Kepler-563,kepler-563,,,557.0,,,
Kepler-564,kepler-564,,,830.0,,,
Kepler-565,kepler-565,,,1041.0,,,
Kepler-566,kepler-566,,,628.0,,,
Kepler-567,kepler-567,,,568.0,,,
Kepler-568,kepler-568,,,126.0,,,
Kepler-569,kepler-569,,,645.0,,,
Kepler-57,kepler-57,,,,,,
Kepler-570,kepler-570,,,642.0,,,
Kepler-571,kepler-571,,,756.0,,,
Kepler-572,kepler-572,,,532.0,,,
Kepler-573,kepler-573,,,758.0,,,
Kepler-574,kepler-574,,,747.0,,,
Kepler-575,kepler-575,,,852.0,,,
Kepler-576,kepler-576,,,698.0,,,
Kepler-577,kepler-577,,,549.0,,,
Kepler-578,kepler-578,,,568.0,,,
Kepler-579,kepler-579,,,663.0,,,
Kepler-58,kepler-58,,,,,,
Kepler-580,kepler-580,,,333.0,,,
Kepler-581,kepler-581,,,833.0,,,
Kepler-582,kepler-582,,,751.0,,,
Kepler-583,kepler-583,,,805.0,,,
Kepler-584,kepler-584,,,1445.0,,,
Kepler-585,kepler-585,,,604.0,,,
Kepler-586,kepler-586,,,707.0,,,
Kepler-587,kepler-587,,,852.0,,,
Kepler-588,kepler-588,,,972.0,,,
Kepler-589,kepler-589,,,643.0,,,
Kepler-59,kepler-59,,,,,,
Kepler-590,kepler-590,,,986.0,,,
Kepler-591,kepler-591,,,793.0,,,
Kepler-592,kepler-592,,,1034.0,,,
Kepler-593,kepler-593,,,1016.0,,,
Kepler-594,kepler-594,,,742.0,,,
Kepler-595,kepler-595,,,639.0,,,
Kepler-596,kepler-596,,,1083.0,,,
Kepler-597,kepler-597,,,660.0,,,
Kepler-598,kepler-598,,,686.0,,,
Kepler-599,kepler-599,,,627.0,,,
Kepler-6,kepler-6,,,,,,
Kepler-60,kepler-60,,,,,,
Kepler-600,kepler-600,,,624.0,,,
Kepler-601,kepler-601,,,429.0,,,
Kepler-602,kepler-602,,,971.0,,,
Kepler-603,kepler-603,,,967.0,,,
Kepler-604,kepler-604,,,981.0,,,
Kepler-605,kepler-605,,,570.0,,,
Kepler-606,kepler-606,,,1208.0,,,
Kepler-607,kepler-607,,,500.0,,,
Kepler-608,kepler-608,,,926.0,,,
Kepler-609,kepler-609,,,1143.0,,,
Kepler-61,kepler-61,,,,,,
Kepler-610,kepler-610,,,1113.0,,,
Kepler-611,kepler-611,,,906.0,,,
Kepler-612,kepler-612,,,932.0,,,
Kepler-613,kepler-613,,,864.0,,,
Kepler-614,kepler-614,,,571.0,,,
Kepler-615,kepler-615,,,330.0,,,
Kepler-616,kepler-616,,,1019.0,,,
Kepler-617,kepler-617,,,150.0,,,
Kepler-618,kepler-618,,,1115.0,,,
Kepler-619,kepler-619,,,1111.0,,,
Kepler-62,kepler-62,,,,,,
Kepler-620,kepler-620,,,1241.0,,,
Kepler-621,kepler-621,,,389.0,,,
Kepler-622,kepler-622,,,259.0,,,
Kepler-623,kepler-623,,,811.0,,,
Kepler-624,kepler-624,,,731.0,,,
Kepler-625,kepler-625,,,502.0,,,
Kepler-626,kepler-626,,,690.0,,,
Kepler-627,kepler-627,,,1143.0,,,
Kepler-628,kepler-628,,,579.0,,,
Kepler-629,kepler-629,,,383.0,,,
TYC 3550-458-1,tyc3550-458-1,,,200.0,15.0,15.0,
Kepler-630,kepler-630,,,657.0,,,
Kepler-631,kepler-631,,,843.0,,,
Kepler-632,kepler-632,,,349.0,,,
Kepler-633,kepler-633,,,634.0,,,
Kepler-634,kepler-634,,,757.0,,,
Kepler-635,kepler-635,,,826.0,,,
Kepler-636,kepler-636,,,341.0,,,
Kepler-637,kepler-637,,,1575.0,,,
Kepler-638,kepler-638,,,426.0,,,
Kepler-639,kepler-639,,,680.0,,,
Kepler-640,kepler-640,,,538.0,,,
Kepler-641,kepler-641,,,673.0,,,
Kepler-642,kepler-642,,,1022.0,,,
Kepler-643,kepler-643,,,1029.0,,,
Kepler-644,kepler-644,,,1413.0,,,
Kepler-645,kepler-645,,,901.0,,,
Kepler-646,kepler-646,,,513.0,,,
Kepler-647,kepler-647,,,789.0,,,
Kepler-648,kepler-648,,,665.0,,,
Kepler-649,kepler-649,,,525.0,,,
Kepler-65,kepler-65,,,312.43,9.75,9.75,
Kepler-650,kepler-650,,,805.0,,,
Kepler-651,kepler-651,,,537.0,,,
Kepler-652,kepler-652,,,423.0,,,
Kepler-653,kepler-653,,,593.0,,,
Kepler-654,kepler-654,,,661.0,,,
Kepler-655,kepler-655,,,783.0,,,
Kepler-656,kepler-656,,,867.0,,,
Kepler-657,kepler-657,,,1244.0,,,
Kepler-658,kepler-658,,,341.0,,,
Kepler-659,kepler-659,,,688.0,,,
Kepler-66,kepler-66,,,1107.0,90.0,90.0,
Kepler-660,kepler-660,,,564.0,,,
Kepler-661,kepler-661,,,558.0,,,
Kepler-662,kepler-662,,,641.0,,,
Kepler-663,kepler-663,,,1030.0,,,
Kepler-664,kepler-664,,,1386.0,,,
Kepler-665,kepler-665,,,651.0,,,
Kepler-666,kepler-666,,,1330.0,,,
Kepler-667,kepler-667,,,907.0,,,
Kepler-668,kepler-668,,,877.0,,,
Kepler-669,kepler-669,,,1778.0,,,
Kepler-67,kepler-67,,,1107.0,90.0,90.0,
Kepler-670,kepler-670,,,980.0,,,
Kepler-671,kepler-671,,,1139.0,,,
Kepler-672,kepler-672,,,1011.0,,,
Kepler-673,kepler-673,,,978.0,,,
Kepler-674,kepler-674,,,302.0,,,
Kepler-675,kepler-675,,,651.0,,,
Kepler-676,kepler-676,,,243.0,,,
Kepler-677,kepler-677,,,1180.0,,,
Kepler-678,kepler-678,,,875.0,,,
Kepler-679,kepler-679,,,968.0,,,
Kepler-68,kepler-68,,,135.0,10.0,10.0,
Kepler-680,kepler-680,,,1342.0,,,
Kepler-681,kepler-681,,,666.0,,,
Kepler-682,kepler-682,,,951.0,,,
Kepler-683,kepler-683,,,976.0,,,
Kepler-684,kepler-684,,,1066.0,,,
Kepler-685,kepler-685,,,1145.0,,,
Kepler-686,kepler-686,,,1203.0,,,
Kepler-687,kepler-687,,,628.0,,,
Kepler-688,kepler-688,,,1247.0,,,
Kepler-689,kepler-689,,,1044.0,,,
Kepler-69,kepler-69,,,,,,
Kepler-690,kepler-690,,,1653.0,,,
Kepler-691,kepler-691,,,239.0,,,
Kepler-692,kepler-692,,,1000.0,,,
Kepler-693,kepler-693,,,1002.0,,,
Kepler-694,kepler-694,,,1023.0,,,
Kepler-695,kepler-695,,,620.0,,,
Kepler-696,kepler-696,,,1285.0,,,
Kepler-697,kepler-697,,,1091.0,,,
Kepler-698,kepler-698,,,1135.0,,,
Kepler-699,kepler-699,,,888.0,,,
Kepler-7,kepler-7,,,,,,
KOI-55,koi-55,,,1180.0,95.0,95.0,
Kepler-700,kepler-700,,,1061.0,,,
Kepler-701,kepler-701,,,755.0,,,
Kepler-702,kepler-702,,,892.0,,,
Kepler-703,kepler-703,,,1482.0,,,
Kepler-704,kepler-704,,,1054.0,,,
Kepler-705,kepler-705,,,251.0,,,
Kepler-706,kepler-706,,,810.0,,,
Kepler-707,kepler-707,,,626.0,,,
Kepler-708,kepler-708,,,1241.0,,,
Kepler-709,kepler-709,,,668.0,,,
Kepler-71,kepler-71,,,,,,
Kepler-710,kepler-710,,,919.0,,,
Kepler-711,kepler-711,,,664.0,,,
Kepler-712,kepler-712,,,944.0,,,
Kepler-713,kepler-713,,,1003.0,,,
Kepler-714,kepler-714,,,1460.0,,,
Kepler-715,kepler-715,,,1214.0,,,
Kepler-716,kepler-716,,,675.0,,,
Kepler-717,kepler-717,,,1126.0,,,
Kepler-718,kepler-718,,,1520.0,,,
Kepler-719,kepler-719,,,1427.0,,,
Kepler-720,kepler-720,,,880.0,,,
Kepler-721,kepler-721,,,848.0,,,
Kepler-722,kepler-722,,,1375.0,,,
Kepler-723,kepler-723,,,965.0,,,
Kepler-724,kepler-724,,,862.0,,,
Kepler-725,kepler-725,,,778.0,,,
Kepler-726,kepler-726,,,838.0,,,
Kepler-727,kepler-727,,,892.0,,,
Kepler-728,kepler-728,,,1236.0,,,
Kepler-729,kepler-729,,,1271.0,,,
Kepler-730,kepler-730,,,1455.0,,,
Kepler-731,kepler-731,,,1311.0,,,
Kepler-732,kepler-732,,,150.0,,,
Kepler-733,kepler-733,,,980.0,,,
Kepler-734,kepler-734,,,553.0,,,
Kepler-735,kepler-735,,,790.0,,,
Kepler-736,kepler-736,,,1007.0,,,
Kepler-737,kepler-737,,,195.0,,,
Kepler-738,kepler-738,,,992.0,,,
Kepler-739,kepler-739,,,1128.0,,,
Kepler-74,kepler-74,,,1330.0,170.0,170.0,
Kepler-740,kepler-740,,,1262.0,,,
Kepler-741,kepler-741,,,1530.0,,,
Kepler-742,kepler-742,,,499.0,,,
Kepler-743,kepler-743,,,258.0,,,
Kepler-744,kepler-744,,,486.0,,,
Kepler-745,kepler-745,,,1199.0,,,
Kepler-746,kepler-746,,,450.0,,,
Kepler-747,kepler-747,,,855.0,,,
Kepler-748,kepler-748,,,1271.0,,,
Kepler-749,kepler-749,,,753.0,,,
Kepler-75,kepler-75,,,1140.0,160.0,250.0,
Kepler-750,kepler-750,,,1181.0,,,
Kepler-751,kepler-751,,,748.0,,,
Kepler-752,kepler-752,,,1075.0,,,
Kepler-753,kepler-753,,,278.0,,,
Kepler-754,kepler-754,,,1192.0,,,
Kepler-755,kepler-755,,,368.0,,,
Kepler-756,kepler-756,,,852.0,,,
Kepler-757,kepler-757,,,1016.0,,,
Kepler-758,kepler-758,,,1353.0,,,
Kepler-759,kepler-759,,,892.0,,,
Kepler-76,kepler-76,,,,,,
Kepler-760,kepler-760,,,782.0,,,
Kepler-761,kepler-761,,,867.0,,,
Kepler-762,kepler-762,,,1465.0,,,
Kepler-763,kepler-763,,,902.0,,,
Kepler-764,kepler-764,,,1013.0,,,
Kepler-765,kepler-765,,,1000.0,,,
Kepler-766,kepler-766,,,1614.0,,,
Kepler-767,kepler-767,,,1185.0,,,
Kepler-768,kepler-768,,,795.0,,,
Kepler-769,kepler-769,,,1362.0,,,
Kepler-77,kepler-77,,,570.0,70.0,70.0,
Kepler-770,kepler-770,,,761.0,,,
Kepler-771,kepler-771,,,1000.0,,,
Kepler-772,kepler-772,,,689.0,,,
Kepler-773,kepler-773,,,528.0,,,
Kepler-774,kepler-774,,,1190.0,,,
Kepler-775,kepler-775,,,400.0,,,
Kepler-776,kepler-776,,,727.0,,,
Kepler-777,kepler-777,,,383.0,,,
Kepler-778,kepler-778,,,899.0,,,
Kepler-779,kepler-779,,,224.0,,,
Kepler-78,kepler-78,,,,,,
Kepler-780,kepler-780,,,520.0,,,
Kepler-781,kepler-781,,,1036.0,,,
Kepler-782,kepler-782,,,412.0,,,
Kepler-783,kepler-783,,,544.0,,,
Kepler-784,kepler-784,,,604.0,,,
Kepler-785,kepler-785,,,666.0,,,
Kepler-786,kepler-786,,,512.0,,,
Kepler-787,kepler-787,,,468.0,,,
Kepler-788,kepler-788,,,1649.0,,,
Kepler-789,kepler-789,,,915.0,,,
Kepler-79,kepler-79,,,,,,
Kepler-790,kepler-790,,,727.0,,,
Kepler-791,kepler-791,,,1447.0,,,
Kepler-792,kepler-792,,,1205.0,,,
Kepler-793,kepler-793,,,794.0,,,
Kepler-794,kepler-794,,,763.0,,,
Kepler-795,kepler-795,,,458.0,,,
Kepler-796,kepler-796,,,377.0,,,
Kepler-797,kepler-797,,,752.0,,,
Kepler-798,kepler-798,,,1085.0,,,
Kepler-799,kepler-799,,,1029.0,,,
Kepler-8,kepler-8,,,1330.0,180.0,180.0,
Kepler-80,kepler-80,,,,,,
Kepler-800,kepler-800,,,1049.0,,,
Kepler-801,kepler-801,,,419.0,,,
Kepler-802,kepler-802,,,828.0,,,
Kepler-803,kepler-803,,,615.0,,,
Kepler-804,kepler-804,,,648.0,,,
Kepler-805,kepler-805,,,657.0,,,
Kepler-806,kepler-806,,,260.0,,,
Kepler-807,kepler-807,,,1312.0,,,
Kepler-808,kepler-808,,,321.0,,,
Kepler-809,kepler-809,,,933.0,,,
Kepler-81,kepler-81,,,,,,
Kepler-810,kepler-810,,,1554.0,,,
Kepler-811,kepler-811,,,847.0,,,
Kepler-812,kepler-812,,,1482.0,,,
Kepler-813,kepler-813,,,840.0,,,
Kepler-814,kepler-814,,,1327.0,,,
Kepler-815,kepler-815,,,1199.0,,,
Kepler-816,kepler-816,,,1059.0,,,
Kepler-817,kepler-817,,,1401.0,,,
Kepler-818,kepler-818,,,967.0,,,
Kepler-819,kepler-819,,,722.0,,,
Kepler-82,kepler-82,,,,,,
Kepler-820,kepler-820,,,989.0,,,
Kepler-821,kepler-821,,,619.0,,,
Kepler-822,kepler-822,,,956.0,,,
Kepler-823,kepler-823,,,896.0,,,
Kepler-824,kepler-824,,,1352.0,,,
Kepler-825,kepler-825,,,820.0,,,
Kepler-826,kepler-826,,,649.0,,,
Kepler-827,kepler-827,,,1352.0,,,
Kepler-828,kepler-828,,,625.0,,,
Kepler-829,kepler-829,,,954.0,,,
Kepler-83,kepler-83,,,,,,
Kepler-830,kepler-830,,,1122.0,,,
Kepler-831,kepler-831,,,577.0,,,
Kepler-832,kepler-832,,,1346.0,,,
Kepler-833,kepler-833,,,421.0,,,
Kepler-834,kepler-834,,,620.0,,,
Kepler-835,kepler-835,,,2011.0,,,
Kepler-836,kepler-836,,,1003.0,,,
Kepler-837,kepler-837,,,846.0,,,
Kepler-838,kepler-838,,,1210.0,,,
Kepler-839,kepler-839,,,833.0,,,
Kepler-84,kepler-84,,,,,,
Kepler-840,kepler-840,,,778.0,,,
Kepler-841,kepler-841,,,1052.0,,,
Kepler-842,kepler-842,,,552.0,,,
Kepler-843,kepler-843,,,1247.0,,,
Kepler-844,kepler-844,,,394.0,,,
Kepler-845,kepler-845,,,471.0,,,
Kepler-846,kepler-846,,,1233.0,,,
Kepler-847,kepler-847,,,529.0,,,
Kepler-848,kepler-848,,,797.0,,,
Kepler-849,kepler-849,,,747.0,,,
Kepler-85,kepler-85,,,,,,
Kepler-850,kepler-850,,,1535.0,,,
Kepler-851,kepler-851,,,869.0,,,
Kepler-852,kepler-852,,,854.0,,,
Kepler-853,kepler-853,,,610.0,,,
Kepler-854,kepler-854,,,741.0,,,
Kepler-855,kepler-855,,,1043.0,,,
Kepler-856,kepler-856,,,1175.0,,,
Kepler-857,kepler-857,,,1039.0,,,
Kepler-858,kepler-858,,,296.0,,,
Kepler-859,kepler-859,,,915.0,,,
Kepler-860,kepler-860,,,1295.0,,,
Kepler-861,kepler-861,,,806.0,,,
Kepler-862,kepler-862,,,806.0,,,
Kepler-863,kepler-863,,,1145.0,,,
Kepler-864,kepler-864,,,1573.0,,,
Kepler-865,kepler-865,,,664.0,,,
Kepler-866,kepler-866,,,690.0,,,
Kepler-867,kepler-867,,,824.0,,,
Kepler-868,kepler-868,,,1269.0,,,
Kepler-869,kepler-869,,,957.0,,,
KOI-1574,koi-1574,,,,,,
Kepler-870,kepler-870,,,1231.0,,,
Kepler-871,kepler-871,,,1695.0,,,
Kepler-872,kepler-872,,,1114.0,,,
Kepler-873,kepler-873,,,1397.0,,,
Kepler-874,kepler-874,,,1072.0,,,
Kepler-875,kepler-875,,,1244.0,,,
Kepler-876,kepler-876,,,735.0,,,
Kepler-877,kepler-877,,,572.0,,,
Kepler-878,kepler-878,,,567.0,,,
Kepler-879,kepler-879,,,772.0,,,
Kepler-88,kepler-88,,,385.0,20.0,16.0,
Kepler-880,kepler-880,,,673.0,,,
Kepler-881,kepler-881,,,1364.0,,,
Kepler-882,kepler-882,,,525.0,,,
Kepler-883,kepler-883,,,549.0,,,
Kepler-884,kepler-884,,,420.0,,,
Kepler-885,kepler-885,,,632.0,,,
Kepler-886,kepler-886,,,857.0,,,
Kepler-887,kepler-887,,,831.0,,,
Kepler-888,kepler-888,,,413.0,,,
Kepler-889,kepler-889,,,513.0,,,
KOI-94,koi-94,,,,,,
Kepler-890,kepler-890,,,1387.0,,,
Kepler-891,kepler-891,,,1372.0,,,
Kepler-892,kepler-892,,,640.0,,,
Kepler-893,kepler-893,,,1216.0,,,
Kepler-894,kepler-894,,,1090.0,,,
Kepler-895,kepler-895,,,516.0,,,
Kepler-896,kepler-896,,,896.0,,,
Kepler-897,kepler-897,,,1147.0,,,
Kepler-898,kepler-898,,,479.0,,,
Kepler-899,kepler-899,,,1038.0,,,
Kepler-9,kepler-9,,,,,,
Kepler-90,kepler-90,,,,,,
Kepler-900,kepler-900,,,505.0,,,
Kepler-901,kepler-901,,,241.0,,,
Kepler-902,kepler-902,,,904.0,,,
Kepler-903,kepler-903,,,829.0,,,
Kepler-904,kepler-904,,,1151.0,,,
Kepler-905,kepler-905,,,521.0,,,
Kepler-906,kepler-906,,,758.0,,,
Kepler-907,kepler-907,,,352.0,,,
Kepler-908,kepler-908,,,250.0,,,
Kepler-909,kepler-909,,,318.0,,,
Kepler-91,kepler-91,,,1030.0,130.0,150.0,
Kepler-910,kepler-910,,,402.0,,,
Kepler-911,kepler-911,,,567.0,,,
Kepler-912,kepler-912,,,1265.0,,,
Kepler-913,kepler-913,,,597.0,,,
Kepler-914,kepler-914,,,678.0,,,
Kepler-915,kepler-915,,,806.0,,,
Kepler-916,kepler-916,,,769.0,,,
Kepler-917,kepler-917,,,1027.0,,,
Kepler-918,kepler-918,,,1245.0,,,
Kepler-919,kepler-919,,,1219.0,,,
Kepler-92,kepler-92,,,448.57,13.82,13.82,
Kepler-920,kepler-920,,,926.0,,,
Kepler-921,kepler-921,,,847.0,,,
Kepler-922,kepler-922,,,558.0,,,
Kepler-923,kepler-923,,,966.0,,,
Kepler-924,kepler-924,,,995.0,,,
Kepler-925,kepler-925,,,623.0,,,
Kepler-926,kepler-926,,,771.0,,,
Kepler-927,kepler-927,,,879.0,,,
Kepler-928,kepler-928,,,532.0,,,
Kepler-929,kepler-929,,,820.0,,,
Kepler-93,kepler-93,,,,,,
Kepler-930,kepler-930,,,905.0,,,
Kepler-931,kepler-931,,,490.0,,,
Kepler-932,kepler-932,,,478.0,,,
Kepler-933,kepler-933,,,922.0,,,
Kepler-934,kepler-934,,,603.0,,,
Kepler-935,kepler-935,,,482.0,,,
Kepler-936,kepler-936,,,687.0,,,
Kepler-937,kepler-937,,,1482.0,,,
Kepler-938,kepler-938,,,861.0,,,
Kepler-939,kepler-939,,,1029.0,,,
Kepler-94,kepler-94,,,,,,
Kepler-940,kepler-940,,,1317.0,,,
Kepler-941,kepler-941,,,1105.0,,,
Kepler-942,kepler-942,,,218.0,,,
Kepler-944,kepler-944,,,1035.0,,,
Kepler-945,kepler-945,,,1543.0,,,
Kepler-946,kepler-946,,,918.0,,,
Kepler-947,kepler-947,,,1188.0,,,
Kepler-948,kepler-948,,,884.0,,,
Kepler-949,kepler-949,,,572.0,,,
Kepler-95,kepler-95,,,,,,
Kepler-950,kepler-950,,,1489.0,,,
Kepler-951,kepler-951,,,408.0,,,
Kepler-952,kepler-952,,,1167.0,,,
KIC 8552719,kic8552719,,,,,,
Kepler-954,kepler-954,,,224.0,,,
Kepler-955,kepler-955,,,637.0,,,
Kepler-956,kepler-956,,,631.0,,,
Kepler-957,kepler-957,,,749.0,,,
Kepler-958,kepler-958,,,467.0,,,
Kepler-959,kepler-959,,,1003.0,,,
Kepler-96,kepler-96,,,,,,
Kepler-960,kepler-960,,,298.0,,,
Kepler-961,kepler-961,,,607.0,,,
Kepler-962,kepler-962,,,439.0,,,
Kepler-963,kepler-963,,,786.0,,,
Kepler-964,kepler-964,,,478.0,,,
Kepler-965,kepler-965,,,618.0,,,
Kepler-966,kepler-966,,,773.0,,,
Kepler-967,kepler-967,,,499.0,,,
Kepler-968,kepler-968,,,312.0,,,
Kepler-969,kepler-969,,,411.0,,,
Kepler-970,kepler-970,,,350.0,,,
Kepler-971,kepler-971,,,345.0,,,
Kepler-972,kepler-972,,,1304.0,,,
Kepler-973,kepler-973,,,297.0,,,
Kepler-974,kepler-974,,,121.0,,,
Kepler-975,kepler-975,,,404.0,,,
Kepler-976,kepler-976,,,1020.0,,,
Kepler-977,kepler-977,,,664.0,,,
Kepler-978,kepler-978,,,624.0,,,
Kepler-979,kepler-979,,,606.0,,,
Kepler-980,kepler-980,,,804.0,,,
Kepler-981,kepler-981,,,913.0,,,
Kepler-982,kepler-982,,,702.0,,,
Kepler-983,kepler-983,,,655.0,,,
Kepler-984,kepler-984,,,461.0,,,
Kepler-985,kepler-985,,,741.0,,,
Kepler-986,kepler-986,,,563.0,,,
Kepler-987,kepler-987,,,936.0,,,
Kepler-988,kepler-988,,,248.0,,,
Kepler-989,kepler-989,,,484.0,,,
Kepler-990,kepler-990,,,933.0,,,
Kepler-991,kepler-991,,,370.0,,,
Kepler-992,kepler-992,,,268.0,,,
Kepler-993,kepler-993,,,298.0,,,
Kepler-994,kepler-994,,,170.0,,,
Kepler-995,kepler-995,,,659.0,,,
Kepler-996,kepler-996,,,1098.0,,,
Kepler-997,kepler-997,,,470.0,,,
Kepler-998,kepler-998,,,996.0,,,
Kepler-999,kepler-999,,,568.0,,,
LKCA 15,lkca15,,,145.0,15.0,15.0,
MOA-2007-BLG-192-L,moa-2007-blg-192-l,,,700.0,120.0,120.0,
MOA-2007-BLG-197L,moa-2007-blg-197l,,,4170.0,300.0,300.0,
MOA-2007-BLG-400-L,moa-2007-blg-400-l,,,6000.0,,,
MOA-2008-BLG-310-L,moa-2008-blg-310-l,,,6000.0,nan,inf,
MOA-2008-BLG-379L,moa-2008-blg-379l,,,3600.0,1300.0,1300.0,
MOA-2009-BLG-266L,moa-2009-blg-266l,,,3040.0,330.0,330.0,
MOA-2009-BLG-319,moa-2009-blg-319,,,6100.0,1.2,1.2,
MOA-2009-BLG-387L,moa-2009-blg-387l,,,5700.0,2200.0,2200.0,
MOA-2010-BLG-328L,moa-2010-blg-328l,,,810.0,100.0,100.0,
MOA-2010-BLG-353L,moa-2010-blg-353l,,,6430.0,1150.0,1150.0,
MOA-2010-BLG-477L,moa-2010-blg-477l,,,2300.0,600.0,600.0,
MOA-2011-BLGL-028L,moa-2011-blgl-028l,,,7380.0,620.0,520.0,
MOA-2011-BLG-262L,moa-2011-blg-262l,,,7350.0,350.0,350.0,
MOA-2011-BLG-274,moa-2011-blg-274,,,800.0,250.0,250.0,
MOA-2011-BLG-293L,moa-2011-blg-293l,,,7700.0,440.0,440.0,
MOA-2011-BLG-322,moa-2011-blg-322,,,7740.0,970.0,910.0,
MOA-2013-BLG-220L,moa-2013-blg-220l,,,2000.0,,,
MOA-2013-BLG-605L,moa-2013-blg-605l,,,3600.0,800.0,600.0,
MOA-bin-1,moa-bin-1,,,5100.0,1200.0,1200.0,
NGC 2423 3,ngc24233,,,766.0,,,
NGC 4349 No 127,ngc4349no127,,,2176.0,,,
NLTT 41135,nltt41135,,,22.7,0.8,0.8,
NN Ser (AB),nnser(ab),,,500.0,,,
NY Vir,nyvir,,,,,,
OGLE-2012-BLG-0950L,ogle-2012-blg-0950l,,,3000.0,1100.0,800.0,
OGLE-2003-BLG-235L,ogle-2003-blg-235l,,,5200.0,,,
OGLE-2005-071L,ogle-2005-071l,,,3300.0,400.0,400.0,
OGLE-2005-169L,ogle-2005-169l,,,4100.0,400.0,400.0,
OGLE-2005-390L,ogle-2005-390l,,,6500.0,,,
OGLE-2006-109L,ogle-2006-109l,,,1510.0,120.0,120.0,
OGLE-2007-BLG-349(AB),ogle-2007-blg-349(ab),,,2760.0,380.0,380.0,
OGLE-2007-BLG-368L,ogle-2007-blg-368l,,,5900.0,1400.0,1400.0,
OGLE-2008-BLG-092L,ogle-2008-blg-092l,,,7000.0,,,
OGLE-2008-BLG-355L,ogle-2008-blg-355l,,,6800.0,1100.0,1100.0,
OGLE-2009-BLG-151L,ogle-2009-blg-151l,,,390.0,10.0,10.0,
OGLE-2011-BLG-0251L,ogle-2011-blg-0251l,,,4090.0,660.0,660.0,
OGLE-2011-BLG-0265L,ogle-2011-blg-0265l,,,4380.0,510.0,450.0,
OGLE-2011-BLG-0420L,ogle-2011-blg-0420l,,,1990.0,80.0,80.0,
OGLE-2012-BLG-0026L,ogle-2012-blg-0026l,,,4080.0,300.0,300.0,
OGLE-2012-BLG-0358L,ogle-2012-blg-0358l,,,1760.0,130.0,130.0,
OGLE-2012-BLG-0406L,ogle-2012-blg-0406l,,,4970.0,290.0,290.0,
OGLE-2012-BLG-0563L,ogle-2012-blg-0563l,,,1300.0,800.0,600.0,
OGLE-2012-BLG-0724L,ogle-2012-blg-0724l,,,6700.0,1200.0,1100.0,
OGLE-2013-BLG-0102L,ogle-2013-blg-0102l,,,3020.0,210.0,210.0,
OGLE-2013-BLG-0341L,ogle-2013-blg-0341l,,,911.0,70.0,70.0,
OGLE-2014-BLG-0124L,ogle-2014-blg-0124l,,,4100.0,590.0,590.0,
OGLE-2014-BLG-0257L,ogle-2014-blg-0257l,,,1250.0,130.0,130.0,
OGLE-2014:BLG-1760L,ogle-2014blg-1760l,,,6060.0,1110.0,1110.0,
OGLE-2015-BLG-0051,ogle-2015-blg-0051,,,8200.0,900.0,900.0,
OGLE-2015-BLG-0954L,ogle-2015-blg-0954l,,,600.0,200.0,400.0,
OGLE-2015-BLG-0966L,ogle-2015-blg-0966l,,,2900.0,400.0,400.0,
OGLE-2015-BLG-1319 L,ogle-2015-blg-1319l,,,5000.0,,,
OGLE-2016-BLG-0596L,ogle-2016-blg-0596l,,,,,,
OGLE-TR-10,ogle-tr-10,,,1500.0,,,
OGLE-TR-111,ogle-tr-111,,,1500.0,,,
OGLE-TR-113,ogle-tr-113,,,1500.0,,,
OGLE-TR-132,ogle-tr-132,,,1500.0,,,
OGLE-TR-182,ogle-tr-182,,,,,,
OGLE-TR-211,ogle-tr-211,,,,,,
OGLE-TR-56,ogle-tr-56,,,1500.0,,,
OGLE2-TR-L9,ogle2-tr-l9,,,900.0,,,
OY Car,oycar,,,,,,
POTS-1,pots-1,,,,,,
PSR J0636,psrj0636,,,,,,
PSR 1257 12,psr125712,,,710.0,40.0,40.0,
PSR 1719-14,psr1719-14,,,1200.0,300.0,300.0,
PSR B1620-26,psrb1620-26,,,3800.0,,,
PSR B1957+20,psrb1957+20,,,1530.0,,,
PSR J1807-2459 A,psrj1807-2459a,,,2790.0,,,
PSR J2051-0827,psrj2051-0827,,,1280.0,,,
PSR J2241-5236,psrj2241-5236,,,500.0,,,
PZ Tel,pztel,,,51.49,2.6,2.6,
Pr 0201,pr0201,,,170.0,,,
Pr 0211,pr0211,,,170.0,,,
" alpha Cen C b""","alphacencb""",,,,,1.295,
Qatar-1,qatar-1,,,,,,
Qatar-2,qatar-2,,,,,,
Qatar-3,qatar-3,,,,,,
Qatar-4,qatar-4,,,,,,
Qatar-5,qatar-5,,,,,,
ROXs 12,roxs12,,,120.0,,,
 CO,co,,,,,135.0,
RR Cae,rrcae,,,,,,
" Ross 458C""","ross458c""",,,9.76,,,
SAND364,sand364,,,,,,
SR 12 (AB),sr12(ab),,,125.0,25.0,25.0,
SWEEPS-04,sweeps-04,,,8500.0,0.0,0.0,
SWEEPS-11,sweeps-11,,,8500.0,0.0,0.0,
TRAPPIST-1,trappist-1,,,12.1,0.4,0.4,
TWA 5 A (AB),twa5a(ab),,,25.0,,,
TYC+1422-614-1,tyc+1422-614-1,,,759.0,181.0,181.0,
TYC-3667-1280-1,tyc-3667-1280-1,,,431.0,37.0,37.0,
TrES-1,tres-1,,,157.0,6.0,6.0,
TrES-2,tres-2,,,220.0,10.0,10.0,
TrES-3,tres-3,,,,,,
TrES-4,tres-4,,,479.0,26.0,26.0,
TrES-5,tres-5,,,360.0,11.0,11.0,
USco1602-2401,usco1602-2401,,,,,,
USco1610-1913,usco1610-1913,,,,,,
USco1612-1800,usco1612-1800,,,,,,
UScoCTIO 108,uscoctio108,,,145.0,2.0,2.0,
UZ For (AB),uzfor(ab),,,,,,
V2051 Oph,v2051oph,,,,,,
V391 Peg,v391peg,,,1400.0,180.0,180.0,
V830 Tau,v830tau,,,131.0,3.0,3.0,
VHS 1256-1257 ,vhs1256-1257,,,12.7,1.0,1.0,
WASP-1,wasp-1,,,,,,
WASP-10,wasp-10,,,90.0,20.0,20.0,
WASP-100,wasp-100,,,,,,
WASP-101,wasp-101,,,,,,
WASP-102,wasp-102,,,,,,
WASP-103,wasp-103,,,470.0,35.0,35.0,
WASP-104,wasp-104,,,143.0,10.0,10.0,
WASP-106,wasp-106,,,283.0,21.0,21.0,
WASP-108,wasp-108,,,220.0,0.115,0.115,
WASP-109,wasp-109,,,330.0,30.0,30.0,
WASP-11-HAT-P-10,wasp-11-hat-p-10,,,125.0,5.0,5.0,
WASP-110,wasp-110,,,320.0,30.0,30.0,
WASP-111,wasp-111,,,210.0,20.0,20.0,
WASP-112,wasp-112,,,450.0,30.0,30.0,
WASP-113,wasp-113,,,360.0,70.0,70.0,
WASP-114,wasp-114,,,460.0,80.0,80.0,
WASP-117,wasp-117,,,,,,
WASP-118,wasp-118,,,250.0,35.0,35.0,
WASP-119,wasp-119,,,333.0,29.0,29.0,
 VO,vo,,,"c""",wasp-12,97.6375,
WASP-120,wasp-120,,,,,,
WASP-122,wasp-122,,,,,,
WASP-123,wasp-123,,,,,,
WASP-124,wasp-124,,,433.0,11.0,11.0,
WASP-126,wasp-126,,,234.0,15.0,15.0,
WASP-127,wasp-127,,,,,,
WASP-129,wasp-129,,,246.0,7.0,7.0,
WASP-13,wasp-13,,,156.0,18.0,18.0,
WASP-130,wasp-130,,,180.0,30.0,30.0,
WASP-131,wasp-131,,,250.0,50.0,50.0,
WASP-132,wasp-132,,,120.0,20.0,20.0,
WASP-133,wasp-133,,,457.0,21.0,21.0,
WASP-135,wasp-135,,,300.0,45.0,45.0,
WASP-136,wasp-136,,,164.0,18.0,18.0,
WASP-138,wasp-138,,,308.0,51.0,51.0,
WASP-139,wasp-139,,,230.0,40.0,40.0,
WASP-14,wasp-14,,,160.0,20.0,20.0,
WASP-140,wasp-140,,,180.0,30.0,30.0,
WASP-141,wasp-141,,,570.0,150.0,150.0,
WASP-142,wasp-142,,,840.0,310.0,310.0,
WASP-15,wasp-15,,,308.0,,,
WASP-157,wasp-157,,,,,,
WASP-16,wasp-16,,,,,,
 Na,na,,,,,,
WASP-18,wasp-18,,,100.0,10.0,10.0,
" C""","c""",,,,,,
WASP-2,wasp-2,,,144.0,,,
WASP-20,wasp-20,,,210.0,20.0,20.0,
WASP-21,wasp-21,,,230.0,30.0,30.0,
WASP-22,wasp-22,,,300.0,,,
WASP-23,wasp-23,,,,,,
WASP-24,wasp-24,,,332.5,,,
WASP-25,wasp-25,,,169.0,,,
WASP-26,wasp-26,,,250.0,15.0,15.0,
WASP-28,wasp-28,,,410.0,70.0,70.0,
WASP-29,wasp-29,,,80.0,,,
WASP-3,wasp-3,,,223.0,,,
WASP-31,wasp-31,,,400.0,0.0,0.0,
WASP-32,wasp-32,,,,,,
WASP-33,wasp-33,,,116.0,16.0,16.0,
WASP-34,wasp-34,,,120.0,15.0,15.0,
WASP-35,wasp-35,,,,,,
WASP-36,wasp-36,,,450.0,120.0,120.0,
WASP-37,wasp-37,,,338.0,41.0,41.0,
WASP-38,wasp-38,,,110.0,20.0,20.0,
WASP-39,wasp-39,,,230.0,80.0,80.0,
WASP-4,wasp-4,,,300.0,50.0,50.0,
WASP-41,wasp-41,,,180.0,60.0,60.0,
WASP-42,wasp-42,,,,,,
 NH3,nh3,,,-9.8063889,12.4,,
WASP-44,wasp-44,,,,,,
WASP-45,wasp-45,,,,,,
WASP-46,wasp-46,,,,,,
WASP-47,wasp-47,,,200.0,30.0,30.0,
WASP-48,wasp-48,,,,,,
WASP-49,wasp-49,,,,,,
WASP-5,wasp-5,,,297.0,50.0,50.0,
WASP-50,wasp-50,,,230.0,40.0,40.0,
WASP-52,wasp-52,,,140.0,20.0,20.0,
WASP-54,wasp-54,,,,,,
WASP-55,wasp-55,,,330.0,50.0,50.0,
WASP-56,wasp-56,,,,,,
WASP-57,wasp-57,,,,,,
WASP-58,wasp-58,,,300.0,50.0,50.0,
WASP-59,wasp-59,,,125.0,25.0,25.0,
WASP-6,wasp-6,,,307.0,,,
WASP-60,wasp-60,,,400.0,60.0,60.0,
WASP-61,wasp-61,,,480.0,65.0,65.0,
WASP-62,wasp-62,,,160.0,30.0,30.0,
WASP-63,wasp-63,,,330.0,50.0,50.0,
WASP-64,wasp-64,,,,,,
WASP-65,wasp-65,,,310.0,50.0,50.0,
WASP-66,wasp-66,,,380.0,100.0,100.0,
WASP-67,wasp-67,,,225.0,45.0,45.0,
WASP-68,wasp-68,,,,,,
WASP-69,wasp-69,,,50.0,10.0,10.0,
WASP-7,wasp-7,,,140.0,15.0,15.0,
WASP-70 A,wasp-70a,,,245.0,20.0,20.0,
WASP-71,wasp-71,,,200.0,20.0,20.0,
WASP-72,wasp-72,,,,,,
WASP-73,wasp-73,,,,,,
WASP-74,wasp-74,,,120.0,20.0,20.0,
WASP-75,wasp-75,,,260.0,70.0,70.0,
WASP-76,wasp-76,,,120.0,20.0,20.0,
WASP-77A,wasp-77a,,,,,,
WASP-78,wasp-78,,,550.0,120.0,120.0,
WASP-79,wasp-79,,,240.0,50.0,50.0,
WASP-8,wasp-8,,,87.0,7.0,7.0,
WASP-80,wasp-80,,,60.0,20.0,20.0,
WASP-82,wasp-82,,,200.0,30.0,30.0,
WASP-83,wasp-83,,,300.0,50.0,50.0,
WASP-84,wasp-84,,,120.0,50.0,50.0,
WASP-85,wasp-85,,,,,,
WASP-86,wasp-86,,,,,,
WASP-87 A,wasp-87a,,,240.0,20.0,20.0,
WASP-88,wasp-88,,,,,,
WASP-89,wasp-89,,,,,,
WASP-90,wasp-90,,,340.0,60.0,60.0,
WASP-93,wasp-93,,,250.0,60.0,60.0,
WASP-94 A,wasp-94a,,,,,,
WASP-94 B,wasp-94b,,,,,,
WASP-95,wasp-95,,,,,,
WASP-96,wasp-96,,,,,,
WASP-97,wasp-97,,,,,,
" VO""","vo""",,,,,,
WASP-99,wasp-99,,,,,,
WD 0806-661B,wd0806-661b,,,19.2,0.6,0.6,
WD 1145+017,wd1145+017,,,174.0,,,
"""CH4","""ch4",,,17.77,,10.5,
WISE 0855-0714,wise0855-0714,,,2.31,0.08,0.08,
WISE 1711+3500,wise1711+3500,,,19.0,3.0,3.0,
WISE J0720-0846,wisej0720-0846,,,6.8,0.7,0.7,
WTS-1,wts-1,,,3200.0,900.0,400.0,
WTS-2,wts-2,,,1000.0,,,
Wolf 1061,wolf1061,,,4.29,,,
" K""","k""",,,,149.0,4.0,
XO-2S,xo-2s,,,149.0,4.0,4.0,
XO-3,xo-3,,,260.0,23.0,23.0,
XO-4,xo-4,,,293.0,19.0,19.0,
XO-5,xo-5,,,255.0,13.0,13.0,
YBP1194,ybp1194,,,,,,
YBP1514,ybp1514,,,,,,
YBP401,ybp401,,,843.0,0.4,0.4,
alf Ari,alfari,,,20.2,,,
alpha Cen B,alphacenb,,,1.295,,,
beta Cir,betacir,,,30.56,0.18,0.18,
beta Cnc,betacnc,,,92.99,1.7,1.7,
beta Pic,betapic,,,19.3,0.2,0.2,
beta Umi,betaumi,,,40.14,0.2,0.2,
eps CrB,epscrb,,,67.9,,,
 GJ 144,gj144,,,,,,
eps Tau,epstau,,,45.0,,,
eta Cet,etacet,,,38.0,0.2,0.2,
gamma 1 Leo,gamma1leo,,,38.5,1.0,1.0,
gamma Cephei,gammacephei,,,13.79,,,
kappa And,kappaand,,,51.6,,,
kappa CrB,kappacrb,,,31.1,0.6,0.6,
ksi Aql,ksiaql,,,62.7,3.9,3.9,
mu Ara,muara,,,15.3,,,
mu Leo,muleo,,,38.05,0.23,0.23,
nu Oph,nuoph,,,46.8,1.8,1.8,
ome Ser,omeser,,,80.6,4.7,4.7,
omi  CrB,omicrb,,,84.0,5.2,5.2,
omi UMa,omiuma,,,56.3,2.1,2.1,
sig Per,sigper,,,108.3,3.0,3.0,
tau Boo,tauboo,,,15.6,0.05,0.05,
tau Gem,taugem,,,98.4,2.5,2.5,
ups And,upsand,,,13.47,0.13,0.13,
WASP-92,wasp-92,,,530.0,90.0,90.0,
